/playlist?id=2641465606,放假了，开启养猪模式,10万,狗大叔爱听歌
/playlist?id=2648132004,柔软且甜丨波子汽水加樱桃味泡泡糖,50675,原创君
/playlist?id=2641375892,2019·喜气洋洋 | 小猪陪你过大年,186万,鮭魚先森
/playlist?id=2501001831,“世上所有的相遇，都是久别重逢”,30万,鹿北浠
/playlist?id=2204388891,『网易云热歌』热评10w+（持续更新）,8134万,-小乔丶
/playlist?id=2179431622,『国摇』一百支乐队一百种精神信仰,921万,浮梦沉生
/playlist?id=2121558366,S.H.E全专辑正序集,405万,雨不飄
/playlist?id=2578068117,2018年度最热新歌TOP100,4660万,网易云音乐
/playlist?id=2399099637,朗朗入耳的歌曲｜中文DJ版｜音魂不散,190万,借風擁妳
/playlist?id=949006146,锦零，程嘉敏，黑猫合集！,586万,一只遥同学
/playlist?id=2301457765,•国人的独立摇滚| 脱离商业束缚的音乐圣殿,74万,BeerBadBlood
/playlist?id=2466312782,那些喜欢到循环播放的歌,5654万,暧酱酱
/playlist?id=2230318386,予你情诗百首，余生你是我的所有,3860万,YouTube视频推荐
/playlist?id=2232237850,耳朵喜欢你 好听到可以单曲循环,6683万,鹿白川
/playlist?id=2426284427,粤语live | 听懂的歌越来越多,89万,云村废柴
/playlist?id=2353275887,精选丨林宥嘉 薛之谦 徐秉龙 毛不易 李荣浩,972万,岀海
/playlist?id=2433860552,谁说翻唱不好听,262万,苏鶍
/playlist?id=2201879658,你的青春里有没有属于你的一首歌？,7933万,mayuko然
/playlist?id=948471242,古风伤恋｜待到红颜消 杳杳无归期,1512万,迩ran
/playlist?id=2430524968,别急，甜甜的恋爱马上就轮到你了,3110万,名侦探-柯北
/playlist?id=2275008950,岁月留声｜听一张２０世纪的老唱片,220万,红佩刀
/playlist?id=2474537199,"若是心怀旧梦 就别再无疾而终",1125万,与你赴海
/playlist?id=2331414535,花粥 房东的猫 陈雪凝 谢春花 歌曲合集,425万,迁徙H
/playlist?id=2236351380,【经典】聼一首老歌，想念一段时光,1627万,Romantic丶Notes
/playlist?id=2155659723,一首陈奕迅一首杨千嬅,329万,大圆老陈
/playlist?id=2214600893,华语精选·怎样惊艳一首歌 才够资格10w+,1071万,KillBunny
/playlist?id=2182683172,致回不去的校园，致那美好的曾经,1416万,可尼晏
/playlist?id=2348479649,台湾乐坛女子图鉴（1980-2005）,181万,浮世之舟
/playlist?id=2492536378,再见大侠：武侠小说泰斗金庸逝世,842万,云音乐歌单之友
/playlist?id=2445944292,給你全宇宙的愛亘古不變,447万,飞克C
/playlist?id=2076817880,一个天秤座的听歌列表.,418万,乌鸦koli
/playlist?id=2041615881,『曲作精选』细数古风圈原创作曲人❶,1456万,花色游戏
/playlist?id=982705650,好想变成雪啊 这样就可以落在先生肩上了,585万,跨过凌晨
/playlist?id=2087977522,左耳莫文蔚 右耳陈奕迅 心里王菲,180万,星酉肖
/playlist?id=941306349,「华语」哭泣使人乞讨，思念使人奔跑,5845万,Amber丶Queen
/playlist?id=2487340888,双世宠妃2所有歌曲（墨分浓淡，曲水流觞）,77万,慕落依
/playlist?id=2259080870,温柔男声‖甜蜜暴击版男友音（新年快乐）,248万,大露po
/playlist?id=2017931496,理想男友音，声控福利~（不定期更新）,1473万,也许你喜欢猫吗
/playlist?id=2067079376,一个比较走心的民谣歌单,1877万,小道先森
/playlist?id=2325284160,努力学习时激励你的歌单,133万,星空TSD
/playlist?id=2201957752,我最大的遗憾，是你的遗憾与我有关,1277万,雾与晨的杂货店
/playlist?id=2508838835,社会语录！土嗨,82万,中国单身狗协会会长CSCA
/playlist?id=885997754,甜甜的情歌说唱耶,290万,卑微小兔TAT
/playlist?id=2405606841,【翻唱+原创声控福利】男友音~苏喂♡,79万,姀希文
/playlist?id=2243090268,抖音中文歌曲,76万,时不我待rr
/playlist?id=2013219926,〔激斗〕超燃古风战歌,170万,弥乱Ch1丶
/playlist?id=2232643828,我向来做事十拿九稳……,292万,白川京
/playlist?id=2235991473,表白撩妹歌曲|你还害怕没有对象吗,760万,宁遇夏
/playlist?id=2310745135,分手是一种什么样的感觉？会崩溃吗,128万,黑板抱
/playlist?id=2072746062,魔道祖师 | “道长~洋洋想吃糖”,104万,马与大众
/playlist?id=2504609940,咕咚版热门中文歌曲，好听到爆,151万,邓蕤桐
/playlist?id=2444596567,闽南语：乐队丨温柔不服输的海涌,93万,陈北及
/playlist?id=2099843212,古风电音||茶已凉人偏不走 只盼与你看花开,90万,晚点遇到她
/playlist?id=2000139818,别问我怎么了 抱抱我行不行 [♡rap],200万,不是青冘
/playlist?id=2174962178,百分九少年(Nine Percent),453万,Bubble_莀
/playlist?id=2310048012,你以为我不会走，我以为你会留,602万,流年忧光影
/playlist?id=2214561965,撒野/默读/渣反/天官/杀破狼/六爻/遇蛇,123万,祁醉sama
/playlist?id=2520454912,遥不可及 | 还有多远才能进入你的心,738万,柠檬木有枝
/playlist?id=2298138241,听了几个故事，正好讲给你玩,768万,一看就知道不是什么正经的单主
/playlist?id=2050135367,确认过眼神，余生都是你,1068万,薛定谔的缝纫机
/playlist?id=2382830188,『偶像练习生』大厂男孩们的歌持续收录中♥,73万,六元谁哒
/playlist?id=2563772680,【2018年度电影精选| Ready Story 】,935万,鹏鹏i苹果
/playlist?id=2428607226,抖音歌曲大全,283万,小攀哟
/playlist?id=941890036,陈奕迅·薛之谦·李荣浩,88万,橘猫白狗
/playlist?id=2334786803,KTV男生必点歌曲，学会你就是麦霸,122万,JM錦明
/playlist?id=2071075110,2018年度最热BGM,651万,NHDZ4-10
/playlist?id=2221422692,[民谣]携一把吉他，温三两故事，四海为家,152万,我本chu狂人
/playlist?id=2440498598,听rapper说情话,116万,超喜欢冬天
/playlist?id=2074124472,说 唱 中 的 江 湖 侠 客,211万,v陳伯伯
/playlist?id=2454417037,嘻哈糖果/上帝啊 这些Rapper情话犯规了,195万,LilDragon小龙
/playlist?id=2122703724,仙剑奇侠传一 仙剑奇侠传三 电视剧原声带,158万,勛杰
/playlist?id=2321713886,愿你懂得释然，学会与遗憾握手言欢,205万,薛之谦的前女友
/playlist?id=2187630919,网红歌曲【抖音歌曲集合】,114万,ObesityCat
/playlist?id=2312165875,100首华语民谣，因为懂得才有共鸣,1320万,情思天鹅
/playlist?id=2153717858,华语情歌° | 最痴情的男人像海洋,237万,鮭魚先森
/playlist?id=2324361508,风月无憾 | 你是我有关青春 最美的句读,1043万,外太空来的Mercy
/playlist?id=2348306362,怀旧向||时光流转从前，人生如寄,750万,不才之魂的含予xi
/playlist?id=2163404529,听了心情会变好的欢快古风小调,1023万,柒染-Author
/playlist?id=2212553036,古风|请君忘相思，愿君长久安,104万,会娇喘的皮皮皮皮皮皮猪
/playlist?id=2260046314,曾经喜欢你，卑微到尘埃里,956万,-独守一人心-
/playlist?id=2545676687,听歌不听Live版，跟闲鱼有什么区别,161万,橘子树风车
/playlist?id=2633466169,租 个 架 子 鼓 手 陪 你 回 家 过 年,121万,一口三只小白兔
/playlist?id=2186364976,『古风』烟白酒旗青，水村鱼市晴,111万,玉佩之
/playlist?id=2313063933,『古风』催泪剪辑常用BGM,725万,辞雀
/playlist?id=2091484707,听说把糖放在枕头底下会做一个甜甜的梦,1793万,我不是菜菜呀w
/playlist?id=2472461443,『Rapper情话』我有一个恋爱想和你谈,285万,茉瑾年
/playlist?id=2478846617,抖音精选热播BGM,188万,Fulay
/playlist?id=2468992894,九张机牵丝戏 盗将行 浪人琵琶 我与小神兽,80万,小迷瞪弟弟
/playlist?id=2560108981,华语爵士|漫不经心的慵懒惬意,96万,IntropinRevivan
/playlist?id=2001908144,【古风】山河拱手，为君一笑,127万,星眸却年华
/playlist?id=2497731034,初恋糖配料表：你的马尾辫和衬衫味道,659万,车厘子焯水
/playlist?id=2331136477,国风民谣 |满堂花醉三千客，一剑霜寒十四州,656万,鹤禅眠
/playlist?id=2441690071,『翻唱』百首经典翻唱 每首都能单曲循环,351万,乐享音悦汇
/playlist?id=2116945770,[RAP]中文励志说唱-为梦想努力奋斗,495万,Jarod_浩
/playlist?id=2002758910,合丨想把爱慕编成旋律 送给你,103万,西柚甜-
/playlist?id=2258837745,精致Rap说唱 |以后找个人陪我来唱,221万,心有力丶而余额不足
/playlist?id=2063912702,抖音热歌,128万,吴佳桐大人
/playlist?id=2280458532,一纸情书 | 只愿君心似我心 定不负相思意,226万,顾陌柠_
/playlist?id=2127487363,2018抖音热门BGM，持续更新（抖音2018）,1768万,活该你风生水起
/playlist?id=2310363081," 不思进取 思你 ",566万,迟到情书
/playlist?id=2163377982,「华语」流行与说唱结合时的爆炸化学反应,102万,THEO-RoyalBerry
/playlist?id=2218171336,后来你哭了，想安慰却忘了早已换了身份,2074万,DJ顾念晨
/playlist?id=2578913204,『民谣/独立』自由│理想│岁月│孤独,168万,林沐夜
/playlist?id=2342350562,温柔skr >> 最怕Rapper突然唱情歌,726万,云音乐VIP
/playlist?id=2344475756,【中国说唱】国内优质男声HOOK,390万,Sisorelcsoriak
/playlist?id=2439954234,听首情歌说唱 | 做个甜甜的梦,277万,瞌奶
/playlist?id=2168196476,抖音中文歌单（持续更新）,125万,苏青煜
/playlist?id=2404490132,「甜味rap」心都被俘获了讲什么道理,237万,文字艺术家
/playlist?id=2460054991,云村锦鲤丨收下这个歌单，带你脱非渡欧！,141万,小铁Joe
/playlist?id=2537002977,就算生活百般滋味，但你也要笑着面对,277万,忘尤川
/playlist?id=2071427080,「日更」那些撩拨心弦的Rap,241万,Callme朝元
/playlist?id=2545279594,你打算什么时候去见那个超级想见的人啊,733万,螚安Vivienne
/playlist?id=2513044303,天冷了，想谈一场甜甜的恋爱阿,643万,佳期不负
/playlist?id=2525128688,当你唱到歇斯底里，却无时光可回头,184万,-情殇雨夜-
/playlist?id=2411565253,「说唱」那你呢 喜欢过我吗,131万,可你怎么总是忘记我很爱你
/playlist?id=2349865512,【情话说唱】我的歌里写的是你,283万,幼稚园杀手代号007
/playlist?id=2439502650,Diss那吾克热合集 收录中,148万,吴背元
/playlist?id=2525589725,暖冬治愈｜把孤独慢慢变成诗,411万,猫头罐与六便士
/playlist?id=2269032036,爱就像蓝天白云晴空万里,78万,HUMAN00
/playlist?id=2378394043,愈疗说唱丨没有你这故事没结尾,389万,原创君
/playlist?id=2269431896,抖音最火中文歌单（持续更新中）,534万,壹觉睡到小时候灬
/playlist?id=2377821447,光影一季| 在这些「OST」里窝一夏,331万,献给莉莉的玫瑰
/playlist?id=2387998356,华语｜难以被复制，声线极具特色女歌手,344万,Listen_alone
/playlist?id=2139305008,岁月如潮水，将我向老歌推,2734万,丑萌的猫
/playlist?id=2519851341,改革春风吹满地,108万,我就是-胖虎
/playlist?id=2535063037,不期待任何人，也不想被任何人期待,252万,爱吃巧克力的鹏先森
/playlist?id=2459811044,华语百首｜好听的才是耳朵最想要的,513万,卿公子的字
/playlist?id=2533457359,乾坤未定 你我皆是黑马,249万,猪吃了吗
/playlist?id=2298098776,清Flow徐來 | 行雲流水的中文說唱,186万,PROJ_OFFICIAL
/playlist?id=2333142183,有故事的男生，唱着有故事的歌,1027万,狗大叔爱听歌
/playlist?id=2129984745,一人之下完全歌单,93万,鹿女王教室
/playlist?id=2448305234,中国新说唱最火单曲,136万,muhlisa17
/playlist?id=2511657279,忙碌的世界，忙碌的你,352万,一点波澜-
/playlist?id=998122759,抖音精选热播bgm（持续更新中）,255万,lucygreen
/playlist?id=2608428625,最好的友情，是各自忙碌却又互相牵挂,181万,娭月
/playlist?id=2614299953,我喜欢风平浪静的生活，也喜欢吵闹的世界,278万,四季里的懒睡猫
/playlist?id=2596601744,一个人在外漂泊，记得按时听歌呀。,357万,Double7琦
/playlist?id=2616667788,柔情蜜意|女子心头万顷清澈的爱意,78万,溺水小熊
/playlist?id=2534057799,生活很苦，需要甜甜的你,438万,杉茶先生
/playlist?id=2068331353,陈奕迅正曲全收录【明年今日相约富士山下】,100万,爱吃鱼的宗介
/playlist?id=2577912468,伤感华语|浮沉在钢琴声的浪潮之间,244万,JZhustleEvyday
/playlist?id=2553212643,第二封 “唯有你想见我 我们见面才有意义”,350万,情书二三
/playlist?id=2509902887,若不能一起，来世，你愿陪我看遍万水千山吗,172万,绊爱酱
/playlist?id=2614841256,给那些回不去又遥远的乡愁,166万,AirRadio空气赫兹
/playlist?id=2545446131,“假装没看见，却用余光偷瞄千万遍”,324万,银河失聲
/playlist?id=2527938629,华语丨你弯弯一笑 我送你满天星辰,308万,-KooTo-
/playlist?id=2157256550,【徐梦圆】中国电音丨崛起之路,171万,Hope-boy
/playlist?id=2618676816,有趣的歌，实在是一味行走的良药,485万,扥你
/playlist?id=2640849901,为什么每次写作业都要掉好多头发？,220万,橘子觉主
/playlist?id=2268363443,知否知否应是绿肥红瘦 电视剧原声带,378万,笑笑水之
/playlist?id=2544178396,我所有躲藏的勇气，始于你一个眼神肯定,256万,与齊小譞
/playlist?id=2515088028,谁说失恋情歌都是苦情的，哼,156万,虎锐
/playlist?id=2564853311,冬至已至｜围炉赏乐，让温暖靠近,206万,Tataaaaaaa_
/playlist?id=2623120625,过年回家 论如何优雅躲过爸妈催婚,376万,紫萱Daylily
/playlist?id=2236692771,抖音精选BGM【中文歌曲篇】持续更新,70万,抖音音乐精选
/playlist?id=2091308517,【耳机】正经又不正经的魔道祖师同人曲㊣,67万,姑苏蓝二在线喝酒
/playlist?id=2134967115,偶像练习生 EiEi ⭐,67万,ZZT-Strawberry
/playlist?id=2314330476,全中文咚鼓版ＤJ,66万,果子先深丶
/playlist?id=2061335785,双声道 中文‖耳机党福利,63万,黎明将至日复一日
/playlist?id=2324644638,声控福利二（男声）,61万,想要天天吃榴莲
/playlist?id=2495455669,【买了否冷咚鼓版】越南鼓节奏dj,55万,aa久伴别酒伴
/playlist?id=2170976338,滚石香港黄金十年,55万,莫矮老子
/playlist?id=2473954832,烟嗓/温柔男音,50万,叔叔不想那么糟
/playlist?id=2173813388,全民K歌大神集❤️（持续更新中）,47万,是你的仙女啊
/playlist?id=2456265947,「古风控」那缕传世的轻烟薄雾,46万,画船吹风听雨眠
/playlist?id=2176607344,乐华七子NEXT歌曲,43万,崔小胖1706
/playlist?id=2070820359,编号0616小行星,40万,我没时间陪你玩了老实人zZ
/playlist?id=2232063715,『Y』☞德云女孩的*小曲小调小歌*张云雷为主,37万,-ZzZ小布布布布啊
/playlist?id=2332255396,【朱一龙应援曲收录】拨云见日，未来可期,33万,居老师的小甜甜
/playlist?id=2112390817,『古风电音』人声唱曲（非纯音乐）,33万,叶千岚
/playlist?id=2186223843,Bilibili -鬼畜-哲学-神曲-持续更新,32万,MAX仙木
/playlist?id=2066905849,戏腔一曲终天涯【戏腔精选】,30万,嵇筠
/playlist?id=2120632298,【民国风】将军戏子，故梦旧词,29万,苏宇念
/playlist?id=2173055843,中考必背古诗文合集61篇,29万,惴洛
/playlist?id=2016124838,女声 古风 攻音 燃系~[那些攻气满满的女生],27万,瑬柒久拾
/playlist?id=2176076700,朱正廷 应援曲,26万,其实-也不过如此
/playlist?id=2053568828,【古风精选】乐正·绫&洛·天依,20万,____Toronto丶
/playlist?id=2353471182,攒了一大堆好听的歌想和你一起听,5647万,鹿白川
/playlist?id=2317045100,【江沉晚吟时】江澄同人歌单,11万,伯仲言谋-
/playlist?id=2139324915,歌词唱透了心声，回忆模糊了眼眸,3422万,YouTube视频推荐
/playlist?id=2095609989,【天官赐福】同人曲,94145,青池墨颜
/playlist?id=2020864493,人这一辈子，最怕突然听懂了一首歌。,2932万,mayuko然
/playlist?id=2511560749,温柔暴击 | 沉溺于男友音的甜蜜乡,2196万,名侦探-柯北
/playlist?id=2250548490,翻唱原唱各有千秋系列,1922万,Seven-EA7
/playlist?id=2329680016,“以前喜欢一个人，现在喜欢一个人”,1278万,DJ顾念晨
/playlist?id=2134421380,台湾偶像剧黄金年代|记忆是阵阵花香,1113万,可尼晏
/playlist?id=2074273616,想要办一场古风婚礼，许一世天地作嫁,859万,花色游戏
/playlist?id=2252293216,十年林宥嘉：爱你这回事，整整十年,772万,云音乐歌单之友
/playlist?id=2617430576,你有没有喜欢很久却错过的人?,733万,雾与晨的杂货店
/playlist?id=2219742646,古意民谣｜浮生有梦三千场 穷尽千里诗酒荒,703万,迩ran
/playlist?id=2452681243,「青春印象」有没有一首歌瞬间勾起你的回忆,661万,Amber丶Queen
/playlist?id=2505617952,关于孤独 它可以有100种讲述方式,576万,柠檬木有枝
/playlist?id=2572601660,太棒啦！新的一年迎接更好的自己吧,565万,螚安Vivienne
/playlist?id=2128767844,品味时光：滚石唱片金曲精选,559万,网易云音乐
/playlist?id=2338544337,盛世乐章 | 此生无悔入华夏 来世愿生种花家,554万,辞雀
/playlist?id=2505474523,表面很多人喜欢，其实孤独的连猫都没有,546万,流年忧光影
/playlist?id=917794768,翻唱简史：日本四百首,515万,丑萌的猫
/playlist?id=2461727806,希望十八岁你爱的人是八十岁在你身边的人,502万,宁遇夏
/playlist?id=2537956753,可爱的姑娘啊，听我把情话给你听!,494万,车厘子焯水
/playlist?id=2581461713,猪你好运来，哼哼哈嘿,491万,情思天鹅
/playlist?id=2520646277,虽然每天吵吵闹闹，但我从没想过离开你,457万,狗大叔爱听歌
/playlist?id=2616332564,生活没那么简单 也没那么糟糕,401万,迟到情书
/playlist?id=2007204839,年少不听张学友，听懂已是伤心人,388万,鹏鹏i苹果
/playlist?id=2099724538,单曲循环☞听不腻☜的民谣歌单,372万,小道先森
/playlist?id=2167335183,最是流年似旧曲，暮雨纷纷又清明,346万,一看就知道不是什么正经的单主
/playlist?id=2217381362,庆幸遇见她·砂质女嗓 入耳难忘,329万,KillBunny
/playlist?id=2519085917,“希望这个冬天有人陪你一起踩雪吃火锅”,299万,佳期不负
/playlist?id=2543645349,华语甜嗓 | 喜欢你是我坚持最久的事儿啦,299万,外太空来的Mercy
/playlist?id=2403483864,成为酷仔丨踩着节奏压马路,295万,原创君
/playlist?id=2181195918,Hip Hop | 温柔的夜里，你是我最后的甜蜜,291万,薛定谔的缝纫机
/playlist?id=2503071410,先别降温啊 我的购物清单还没写好,286万,紫萱Daylily
/playlist?id=2331586391,一定是特别的缘分 你就变成我的前任,277万,云音乐VIP
/playlist?id=2545815728,下初雪的时候，你要做什么呀？,272万,Double7琦
/playlist?id=2409365763,中国说唱图鉴丨十年说唱 热血难凉,266万,银河失聲
/playlist?id=2540098962,恋爱指南｜教你如何精装追女仔,262万,卿公子的字
/playlist?id=2516053542,民谣精选 愿你在这个孤独的世界不寂寞,258万,忘尤川
/playlist?id=2547293635,“生活不简单，亲爱的请勇敢一点”,224万,爱吃巧克力的鹏先森
/playlist?id=2620408346,把歌名中的某个字改成“盘”会怎样？,223万,扥你
/playlist?id=2557908184,温暖的被窝是我的故乡，一起床便思乡,220万,茉瑾年
/playlist?id=2281026097,一句情话 | 山有木兮木有枝 心悦君兮君不知,202万,顾陌柠_
/playlist?id=2522346831,致风：请把这个秘密告诉他吧,187万,四季里的懒睡猫
/playlist?id=2506295921,45度仰望星空，这些歌会让你打开回忆,171万,-情殇雨夜-
/playlist?id=2438292020,听说你也在找好听的华语歌,4927万,鹿白川
/playlist?id=2518608376,民谣里的情诗：词中的几句无法表达这份爱,157万,Listen_alone
/playlist?id=2526611776,不如来一盒草莓味的HipHop巧克力！,137万,鮭魚先森
/playlist?id=2521952847,致射手 | 冬日晴空一如你明朗的心,133万,Tataaaaaaa_
/playlist?id=2321467319,如何用手机铃声惊艳四座？ 真惊艳篇,122万,白川京
/playlist?id=2377755084,不提爱情，我的说唱又丧又酷又可爱,115万,JZhustleEvyday
/playlist?id=2235499039,「耳机福利」3D立体环绕曲VS双声道,113万,NHDZ4-10
/playlist?id=2163517726,熬夜和想你，我都该戒掉了,2959万,YouTube视频推荐
/playlist?id=2521535923,致00后│愿我们成为自我崛起的一代,90万,林沐夜
/playlist?id=2406259483,邓紫棋 | 小金鱼心尖的温柔,86万,献给莉莉的玫瑰
/playlist?id=2627975101,一九二九不出手，三九四九冰上走,71万,一口三只小白兔
/playlist?id=2353154580,【华语说唱】Rapper柔情总是诗,64万,幼稚园杀手代号007
/playlist?id=2042205655,愿还会有人，做个傻子陪你浪费一生,1144万,DJ顾念晨
/playlist?id=2394477376,『翻唱』百首经典翻唱 每首都能单曲循环,1050万,音悦库-
/playlist?id=2557918409,KTV必点：有没有一首歌，唱着唱着就泪奔,968万,mayuko然
/playlist?id=2100920339,「古风」将相思寄明月 期盼你能察觉,43万,祁醉sama
/playlist?id=2237551072,在这复杂的世界里，你是我唯一的甜,646万,名侦探-柯北
/playlist?id=2505986220,愿你活成最美好的样子,604万,雾与晨的杂货店
/playlist?id=2445019773,治愈率100％：抚慰在感情中受伤的心,526万,柠檬木有枝
/playlist?id=2575623237,美好的事可不可以发生在我身上,506万,螚安Vivienne
/playlist?id=2022186054,『古风戏腔』名花不解语 无情也动人,502万,花色游戏
/playlist?id=2129184583,少年不听李宗盛，听懂已是不惑年,496万,云音乐歌单之友
/playlist?id=2544777037,周末宅家，我只想和我的猫互相取暖,485万,流年忧光影
/playlist?id=2199364384,听一首简单又甜蜜的小情歌,419万,狗大叔爱听歌
/playlist?id=2547626265,这么冷的天一定要听一首关于冬天的歌,359万,宁遇夏
/playlist?id=2385374546,来者何人，你的人,343万,情思天鹅
/playlist?id=2634190529,归途的旅人是夜空中最亮的星,304万,Amber丶Queen
/playlist?id=2149031036,任我游戏任我笑 任我琴狂剑也傲,300万,迩ran
/playlist?id=2572036338,年轻之歌 有关爱与挑衅,280万,原创君
/playlist?id=2070103053,Hip-hop | 你是所有的甜,272万,迟到情书
/playlist?id=2552027357,一夜暴富：我已经准备好了！,257万,可尼晏
/playlist?id=2552262199,冬日取暖Tips | 和我谈一场暖冬的恋爱吧,244万,卿公子的字
/playlist?id=2526647818,爱你，是我今生最不愿醒来的梦,228万,薛定谔的缝纫机
/playlist?id=2144082923,哼首欢快的歌 来拯救你的小确丧,1806万,鹿白川
/playlist?id=2579982098,我爱你发梢掠过眼角时，空气中斑驳的光,210万,车厘子焯水
/playlist?id=2584917320,小寒已至，你在的地方下雪了吗？,180万,茉瑾年
/playlist?id=2499781992,你最想对暗恋的人 说的一句话是什么,1216万,YouTube视频推荐
/playlist?id=2319109137,「国粹风华」在音乐中感受国粹的魅力,134万,一看就知道不是什么正经的单主
/playlist?id=2549963843,华语女说唱集锦° | 世界需要酷 女 孩,123万,鮭魚先森
/playlist?id=2553249650,新的一年，希望你喜欢的人也喜欢你,907万,雾与晨的杂货店
/playlist?id=2308458987,有风吹过的地方就有他的声音回荡,117万,云音乐VIP
/playlist?id=2470798714,你放弃过一个爱了很久的人吗？,833万,mayuko然
/playlist?id=2006137660,找不到的爱情别找了，该来的总会来的,718万,DJ顾念晨
/playlist?id=2631421932,我也想谈恋爱，可我不想分手了,601万,名侦探-柯北
/playlist?id=2390881136,一曲古风倾天下 三世茶荼醉人家,77万,佳期不负
/playlist?id=2509054663,我想要一生，两人，三餐，四季，细水长流,470万,雾与晨的杂货店
/playlist?id=2629041485,洒脱生活，做酷酷的自己才美丽,448万,流年忧光影
/playlist?id=2302705693,『古风』我自问酒不问仙 半世逍遥半世癫,414万,花色游戏
/playlist?id=2527300669,我愿意把怀抱空着，等冬天为你发光,412万,柠檬木有枝
/playlist?id=2551159751,长长的一生，不做梦怎么撑,317万,螚安Vivienne
/playlist?id=2564915890,时光匆匆，一年不知不觉又要过去了,315万,情思天鹅
/playlist?id=2092015892,我们在苏打绿的小宇宙里再遇见,312万,云音乐歌单之友
/playlist?id=2511714039,等你学会游泳，我们一起坠入爱河,293万,狗大叔爱听歌
/playlist?id=2537117870," 始于脸红，终于眼红 ",265万,迟到情书
/playlist?id=2505190107,我想把最好的歌都给你 却发现最好的就是你,245万,原创君
/playlist?id=2585465480,此生多少情与仇，只愿与你长相守,245万,可尼晏
/playlist?id=2546228760,会讲故事的男声 歌词唱的太像自己,799万,鹿白川
/playlist?id=2321983233,100种人生的态度，有没有你的归宿？,797万,YouTube视频推荐
/playlist?id=2357742963,破万评论国风古风 哪一首藏着你的故事,740万,辞雀
/playlist?id=2181287762,后来，我们什么都有了，却没有了我们,716万,DJ顾念晨
/playlist?id=2311603368,想做你的橡皮擦，擦掉你所有不开心的记忆,125万,一看就知道不是什么正经的单主
/playlist?id=2459928634,愿山野浓雾都有路灯 风雨漂泊都有归舟,488万,mayuko然
/playlist?id=2330204571,天后的幻乐一场,111万,云音乐VIP
/playlist?id=2418344339,一个人的旅行，遇见真正的自己,435万,流年忧光影
/playlist?id=2431900915,“小时候会假哭，长大后学会假笑”,369万,柠檬木有枝
/playlist?id=2379116234,所有的道理我都懂 只是我很难过,81万,宁遇夏
/playlist?id=2219028438,『原创古风』编曲给音乐划上浓墨重彩的一笔,308万,花色游戏
/playlist?id=2527503637,“要做什么梦是每个人的自由”,254万,螚安Vivienne
/playlist?id=2510328199,许个愿吧，也许就实现了呢,248万,情思天鹅
/playlist?id=2502582540,一意孤行 最硬FLOW,221万,原创君
/playlist?id=2517289744,给自己的信:虽年少有憾，愿此生无悔。,213万,可尼晏
/playlist?id=2508039676,“婚礼上我多喝几杯，和你现在那位”,638万,DJ顾念晨
/playlist?id=2527014821,治愈华语||了解一下，拯救不开心,203万,狗大叔爱听歌
/playlist?id=2582716400,2018年十二月最热新歌TOP50,598万,网易云音乐
/playlist?id=2634350920,试 着 安 静 地 听 完 一 整 首 歌,593万,鹿白川
/playlist?id=2526466534,50句撕心裂肺的情话，总有一句刺痛你的心,509万,YouTube视频推荐
/playlist?id=2426273248,华语百首 | 那些曾走过你青春的台湾音乐,346万,柠檬木有枝
/playlist?id=2331139996,中文十级空耳神曲 非战斗人士请撤离！,102万,云音乐VIP
/playlist?id=2521938887,没说出口的那句谢谢，今天就说出来吧,297万,流年忧光影
/playlist?id=2543434609,希望能有一个人 如日月星辰伴你,284万,mayuko然
/playlist?id=2332200909," 养一只猫 再养一个你 ",86万,迟到情书
/playlist?id=2585806368,早 / 睡 / 早 / 起 ：愿你生活温暖且美好,579万,鹿白川
/playlist?id=2293769063,我多想再见你，哪怕匆匆一眼就别离,536万,DJ顾念晨
/playlist?id=2102255856,『古风•随歌入画』笔墨浓淡，丹青绘山河,203万,花色游戏
/playlist?id=2585107949,「女声rap」谁还不是可盐可甜的小姐姐了？,199万,原创君
/playlist?id=2556383692,我想把夏日的阳光，寄给冬日的你,198万,情思天鹅
/playlist?id=2466202418,50部小说改编影视剧•热门原声,197万,可尼晏
/playlist?id=2621874307,听歌最怕应景，睹物最怕思人,477万,YouTube视频推荐
/playlist?id=2561336046,今年圣诞节你打算怎么度过呀！,185万,螚安Vivienne
/playlist?id=2540722323,人生就是以不断出发的姿势得到重生,168万,狗大叔爱听歌
/playlist?id=2339725169,那些年甜甜的歌，甜到爆表～～～,330万,文琦琦
/playlist?id=2531438917,愿你每日欢喜多于悲 这个冬季再冷有人陪,284万,mayuko然
/playlist?id=2559510836,圣诞恋语：今晚你在，就是我最大的礼物,282万,柠檬木有枝
/playlist?id=2579875902,心情明朗，万物可爱,276万,流年忧光影
/playlist?id=2534451902,失恋自愈手册 该听多少首歌才能忘了你,539万,鹿白川
/playlist?id=2564404001,愿每个孤独的人 都有属于自己的歌,471万,YouTube视频推荐
/playlist?id=2565038942,甜蜜说唱 | 和男友音来一场线上约会,196万,原创君
/playlist?id=2415063883,励志华语//今天的辛苦是为更好的明天,176万,情思天鹅
/playlist?id=2518668646,和喜欢的人一起过冬天吧,326万,迟到情书
/playlist?id=2554210558,这城市值得怀念，是曾经有你一起,326万,DJ顾念晨
/playlist?id=2392535085,我的心上人 Ta有意中人,274万,柠檬木有枝
/playlist?id=2533973259,这么冷的天 就不想有人突然扑进你怀里？,483万,鹿白川
/playlist?id=2342844528,岛·独立乐队 用音乐反抗烂俗的理想,54万,云音乐VIP
/playlist?id=2100341581,古风 I 红烛多情化着泪 漫漫长夜摧伊人,462万,YouTube视频推荐
/playlist?id=2321705271,『古风』久在樊笼里，复得返自然,115万,花色游戏
/playlist?id=2585160378,「诗意民谣」带你去远方 哪怕道阻且长,195万,原创君
/playlist?id=2489237233,“我不是单身，只是在等人”,315万,DJ顾念晨
/playlist?id=2507769379,多少个字没有说出口，化作一句晚安,309万,流年忧光影
/playlist?id=2537042514,看诗意古风，听酒醉民谣,152万,情思天鹅
/playlist?id=2542133934,南墙我撞了 你 我不要了,459万,鹿白川
/playlist?id=2584724798,曲终人散 | 梦醒时 我终究还是失去了你,248万,柠檬木有枝
/playlist?id=2556878438,学生时代歌词本，书写青春岁月,421万,YouTube视频推荐
/playlist?id=2617901514,治愈向丨孤独时候，借你一个肩膀,188万,原创君
/playlist?id=2472006623,1.2.3...细数恋爱中甜蜜而可爱的小心思,284万,可尼晏
/playlist?id=2579287127,你是我拿时间和新欢都忘不掉的人,275万,DJ顾念晨
/playlist?id=2632467373,每次在回家的路上 你会选择听哪些歌,402万,YouTube视频推荐
/playlist?id=2542172966,等一场大雪 还想听你的故事,301万,鹿白川
/playlist?id=2447521196,甜蜜暴击100%：我想和你谈一场不分手的恋爱,184万,柠檬木有枝
/playlist?id=2617923373,每一个夜晚 我把你写进梦里,184万,原创君
/playlist?id=2621002029,《腊八》让爱回家，让温暖相伴,102万,情思天鹅
/playlist?id=2054948745,『古风群星版』体验左拥右抱被环绕的感觉,56万,花色游戏
/playlist?id=2463592296,狠狠的撒一把狗粮，你我青春永不散场,262万,YouTube视频推荐
/playlist?id=2554787901,少年心气丨青春沮丧物语,167万,原创君
/playlist?id=2161365723,民谣女声☞陈粒 谢春花粥 Jam 程壁 房东的猫,253万,竹青春无痕
/playlist?id=2523428849,100段暖心情话，摘一句送给Ta吧,205万,YouTube视频推荐
/playlist?id=2627522953,那些藏在甜蜜糖衣外壳下的苦涩味道,194万,鹿白川
/playlist?id=2573868971,愿你足够勇敢说再见，生活将给你新的开始,112万,柠檬木有枝
/playlist?id=2556268407,谈恋爱的最好季节，你找到喜欢的人了吗,227万,雾与晨的杂货店
/playlist?id=2554837554,深情不及久伴 那些华语独立男声,153万,原创君
/playlist?id=2242462456,华语唯美说唱，砥砺前行路上的明灯,183万,YouTube视频推荐
/playlist?id=2624667104,说唱情话│糟糕！我要甜死在这个冬天♡♡,202万,银河失聲
/playlist?id=2611951915,华语烟嗓男声 |开口沦陷 满带着岁月的痕迹,99万,柠檬木有枝
/playlist?id=2544684285,暖冬木吉他 用声音温暖你的旅程,140万,原创君
/playlist?id=2629299213,「孤独症侯群」等待一个遥遥无期的人,136万,原创君
/playlist?id=2076007963,一个等待五月天版权的歌单,179万,贩卖平凡
/playlist?id=2080319176,90后回忆杀-学生时代MP3里听过的流行歌,173万,神是美丽的魔
/playlist?id=2638104052,「舒缓之声」就像冬天钻进牛奶泡泡浴,122万,原创君
/playlist?id=2193426092,评论过十万的华语单曲（不定期更新）,157万,玩笑哥和玩笑弟
/playlist?id=2625595097,不想起床丨在房间洒满慵懒阳光,109万,原创君
/playlist?id=2531695992,入 冬 御 寒 指 南,109万,原创君
/playlist?id=2514511403,民谣丨世人皆甜 只有我是芥末味,129万,瀰生
/playlist?id=2357555827,『薛之谦』一个人能有多不正经就有多,124万,音悦库-
/playlist?id=2616505254,小众之声丨提早退场的人不堵车,100万,原创君
/playlist?id=2505630624,甜有100种方式：吃糖 还有每天99次的想你,26万,柠檬木有枝
/playlist?id=2572372541,电子汽水 | 气泡节奏颠覆感官,95万,原创君
/playlist?id=2269547713,【FREE BEAT】说唱伴奏免费beat【直接用】,92万,Lv-25
/playlist?id=2516102203,不做PLAN B 最好的选择就是他们,78万,原创君
/playlist?id=2331345133,适合3D环绕音效的歌曲,83万,杜宣达达达
/playlist?id=2521212967,南寻记丨灵感散落如大雨将至,67万,原创君
/playlist?id=2079706503,回忆杀| 徐良 许嵩 汪苏泷 小贱 后弦 本兮,79万,不如喜欢我-
/playlist?id=2124539885,一人之下角色歌同人歌...之类的(๑˙ー˙๑),49万,自挂东南枝竟然被占用了
/playlist?id=2316574023,中国新说唱第1-13期【精选】(第一季结束),81万,su丶不闻不问
/playlist?id=2520288970,视剧《知否知否应是绿肥红瘦》片尾曲,81万,Ferhat吸血鬼
/playlist?id=2131834162,【偶像练习生】音源,29万,單向警告
/playlist?id=2313588478,TA们的歌经典难忘,67万,LoveRadio1037
/playlist?id=2517888372,小品王，[赵本山]改革春风吹满地,59万,李凤姐海棠花为军插
/playlist?id=2377635812,华语民谣 I 每个人的一生都是一次远行,57万,山河暮归
/playlist?id=2096084552,张国荣（全）,28万,阿Ablimit
/playlist?id=2357570314,酷到没盆友（说唱）এ,54万,女污大大i
/playlist?id=2270743974,抖音热播歌曲收录大全,51万,小贰哥吖
/playlist?id=2371170167,【说唱】整个江湖都任我闯,48万,Ian_Icebear
/playlist?id=2281394901,中文慢摇Dj版单曲精选,48万,你像风一样吹过来
/playlist?id=2349844278,香蜜沉沉烬如霜,47万,love_lemongrass
/playlist?id=2499125346,单单为你心有独钟,46万,我从未停止过爱你只是你不再相信
/playlist?id=2471847474,戴上耳机直接起飞（咕咚版）,47万,A是你伟弟吖
/playlist?id=2502037901,电视剧《将夜》OST,45万,superZ_TT
/playlist?id=2405599251,《香蜜沉沉烬如霜》背景配乐BGM,44万,晴天icon
/playlist?id=2625525313,我还在等你，别让我独孤终老,43万,音乐人陌涵
/playlist?id=2306664471,薛之谦 陈奕迅 李荣浩 林宥嘉 林俊杰 郭顶,43万,孤独时代1022
/playlist?id=2483118763,90后经典老歌经久不衰*朗朗上口*恍若现场,43万,独占的偏执
/playlist?id=2217610700,［戏腔］戏子多秋 可怜一处情深旧,42万,你是我生命的那束光
/playlist?id=2486829495,综艺 | 梦想的声音第三季原曲合集完结,40万,PlusFeng
/playlist?id=2311742932,《中国好声音2018》歌曲合集,38万,衬衫的价格是玖镑拾伍便士
/playlist?id=2507680321,你和我的倾城时光 电视剧原声带,37万,告白气球v
/playlist?id=2433867348,中文快嘴RAP？！,38万,AKA小次郎
/playlist?id=2242234916,｜²hiphop²｜混集,37万,Uecc_H
/playlist?id=2311496155,每天都要很开心鸭！,36万,一只甜锤子
/playlist?id=2356038570,王贰浪 翻唱集 喜欢.♡,36万,---野原---
/playlist?id=2397002493,知否知否应是绿肥红瘦 电视剧,36万,____七_七
/playlist?id=2109906105,『已完结』妄想症系列（已按强迫症排序）,20万,Moyran
/playlist?id=2427428386,抖音热歌2019年1月-歌曲最新热门排行榜,34万,倩倩音乐榜
/playlist?id=2533106391,［小众民谣］不多想 不期人 不起恻隐之心,34万,王宇程阿
/playlist?id=2114595632,陈雪凝式专属情歌❤️,33万,陈__陈玉楼
/playlist?id=2620132205,白蛇缘起电影歌单,32万,不息之河川流不息
/playlist?id=2374759980,江头未是风波恶 别有人间行路难,31万,SisorelcscoriakG
/playlist?id=2563784410,这些歌竟然快20年！|Timeless,31万,华纳音乐
/playlist?id=2345225192,吴青峰的声音真好听,31万,闻舟时渡
/playlist?id=2518208403,华语Rap：耳朵里跳跃的新鲜饮料,30万,肯杨威
/playlist?id=2214932395,「张碧晨」｜品质收集,30万,天洌
/playlist?id=2516114667,精选 | 小众音乐中的现代诗,29万,岛与陆_张良成
/playlist?id=2423700527,Real Rap,29万,行尘的尘
/playlist?id=2517585707,把孤独的寒冷，化作眼神，看尽了余生,28万,孙哲安
/playlist?id=2478818710,“街 头 诗 人”,28万,BAI巴合特
/playlist?id=2523098153,微博上那些好听的歌。,28万,子墨似染
/playlist?id=2565068736,耳帝2018年度50首华语歌曲推荐,28万,EauDouble
/playlist?id=2206823999,【昨日青空/肆式青春】坐上青春的末班车,27万,哔哩哔哩音乐娘
/playlist?id=2048888524,(治愈男声) 晨曦的一首歌(可点歌),28万,_陈曦_cx
/playlist?id=2467468520,『长大了连快乐都裹着一层苦涩』,27万,东野圭吾的烦恼
/playlist?id=2567959852,听 空气里甜甜的 那是恋爱的味道,26万,玲儿响的叮叮当当
/playlist?id=2460408725,中国新说唱 没去但厉害的说唱,26万,杨欧几
/playlist?id=2250828221,可爱的人当然要听可爱的歌呀,26万,织秋裤
/playlist?id=2457264080,没有最抖，只有更抖,26万,诗花词雪
/playlist?id=2640273546,「治愈系民谣」如和煦般温暖,25万,但永远有人十七岁123
/playlist?id=2644213424,老板，来杯7分甜的说唱情话,25万,他夏了夏天9999
/playlist?id=2638296028,民谣里的词：总让人心驰神往,25万,提线木偶11111
/playlist?id=2474076728,跟着广场舞，让我们一起摇啊摇啊摇,25万,云音乐曲库
/playlist?id=2637438408,给我一首歌，撑起内心戏,25万,LOOK新声代
/playlist?id=2177342636,2019最新抖音电音精选,25万,大浪淘金666
/playlist?id=2418320776,《江湖儿女》 电影原声带,25万,Hidden_Man_李天然
/playlist?id=2427043290,写城市的歌,24万,彭成-Jap
/playlist?id=2624608985,中国说唱 | 陷阱入侵，说唱沦陷,24万,MO林墨mou衤
/playlist?id=2624533897,华语说唱 | 谁的嗓音俘虏你耳朵？,24万,霖海2011
/playlist?id=2484843965,【情歌RAP】我 喜 欢 的 样 子 你 都 有,24万,Biscuit小公举
/playlist?id=2564223539,别说话！糖果都从心里洒出来了,23万,圣光羽之翼册
/playlist?id=2341231240,那些年追过的经典台湾偶像剧OST,23万,长歌style
/playlist?id=2631389103,抖腿风暴：全程无间歇，已躺在轮椅上晒太阳,23万,苏柒柒1111
/playlist?id=2617160364,虽无文字，依然倾心的轻音乐,22万,-梦里花落知多少QAQ-至
/playlist?id=2632617510,过耳不忘说唱和那些独自一人的时光,22万,随心所爱1111
/playlist?id=2521932620,失恋歌单|愿你听不懂愿你快乐,22万,旋律街1803
/playlist?id=2562684293,｜心动预警｜甜到心里的Rap情歌说唱｜,21万,oreo灵
/playlist?id=2516081061,【亞洲嘻哈】 說唱真好聽,21万,Sug-ga
/playlist?id=2624576254,音乐心情：哪段旋律曾让你撕心裂肺,21万,酸奶味布丁Pig
/playlist?id=2146465345,楚留香【手游bgm，同人歌曲整理】,21万,晏无心
/playlist?id=2519163179,《无名之辈》影视原声 雨霖铃尧十三cover,21万,-绯靥-
/playlist?id=2441066858,抖音最好听的二十首歌,21万,陌生人_你好-
/playlist?id=2512933695,古风/谁的真心不被负，天下与你都难舍,20万,忘川何渡
/playlist?id=2583272600,华语｜离人愁 伤别离,20万,子小涎
/playlist?id=2154077171,中文硬核说唱之路,20万,云左右
/playlist?id=2550934818,我会收下所有的孤独｜从低谷到荒芜,19万,石恩隆
/playlist?id=2461870404,热恋有多黏，音乐有多甜,19万,大白弹吉他
/playlist?id=2535894974,请准备：中国说唱听力考试现在开始！,19万,揽醋坛子
/playlist?id=2505217347,流行网络歌曲2019「总有一首是你的听歌排行,19万,网异淘歌人
/playlist?id=2512567020,云云众声—郑云龙×阿云嘎,19万,小楱祐
/playlist?id=2558490837,民谣吟 我还想听你讲故事,19万,唯留一份寂寞馈
/playlist?id=2523367964,闭上眼睛听，告诉我你想起了谁？,19万,挨踢小民工
/playlist?id=2567231221,生僻字 抖音集 惊艳世界的声音 持续更新,18万,腐女大大哈哈哈啊
/playlist?id=2356516149,《疯人院》网剧影视原声带,18万,西安赵时珍在线陪玩
/playlist?id=2502811381,喝下民谣这碗酒，从此跟你走,18万,流年碎磐
/playlist?id=2441025192,『中国古代神话』--异兽篇,18万,箐谷霙
/playlist?id=2147114572,张云雷翻唱过的流行歌曲（原版）,18万,山泥屋的花花艾
/playlist?id=2468984127,70，80，90超好听的粤语经典老歌。,17万,Viverk
/playlist?id=2524366803,男生们的失恋症候群,17万,大布偶乐团
/playlist?id=2526153396,电视剧「将夜」精选主题曲,17万,朝小树i
/playlist?id=2464689042,自从遇见你，如鹿归林，如舟靠岸,16万,清茶hs
/playlist?id=2516728581,即刻电音已演出艺人 Rave Now 全面收录,16万,你是几块钱的糖
/playlist?id=2517559941,正能量的中文励志说唱 生活不要丧,16万,蓝染-Ed
/playlist?id=2414942231,山河辽阔，人间烟火，无一是你，无一不是你,16万,我暗里最懂的开朗
/playlist?id=2422402387,民谣情书｜关于爱你这件事,16万,月刊少女kaki酱
/playlist?id=2362024096,『复古留声机』民国爵士风，迷醉夜上海,16万,解忧音乐厅
/playlist?id=2356193966,爱情公寓大电影丨原班人马十年重聚,16万,厂长今年夺冠了吗
/playlist?id=2626198138,回到最初：记忆中的你，永远都美丽,15万,9527刂巾
/playlist?id=2415908258,窦唯，清浊自甚，神灵明鉴,15万,鹿小毛儿啊
/playlist?id=2497236568,毛不易：每一首都要单曲循环,15万,咩mei
/playlist?id=2297231767,想带你去看晴空万里 抖音中文 日语 欧美,15万,立于孤寂仰望星河
/playlist?id=2202158393,『国漫』不跳op!不跳ed!｜最佳补番指南~,15万,酒间半夏
/playlist?id=2347696878,双鱼座一个人的单曲循环,14万,文科复读生
/playlist?id=2211707509,尚six翻唱曲目,15万,Lyon170814
/playlist?id=2484551805,中国黑怕｜地下地上从没在怕,14万,白骨精没背景
/playlist?id=2640915327,【华语说唱】舌 燦 蓮 花 的 奧 秘,14万,GPG-PILOT
/playlist?id=2358513107,好听的古风歌曲（适合看小说听的）,14万,绗之所愿_卿羽所成
/playlist?id=2541929093,中国制燥即刻电音⚡️,14万,她来自台北市
/playlist?id=2474161703,『男女双声道&耳机控』找见第二个世界…,14万,不正经的世界
/playlist?id=2437721292,中文说唱,14万,刘思达LOFTHESTAR
/playlist?id=2334390894,抖音翻唱 超好听,14万,怀揣可爱鸭
/playlist?id=2405166959,香蜜沉沉烬如霜的所有bgm,14万,叫我小驰
/playlist?id=2511693307,【国风电音】不止温文儒雅（燃）,14万,夏小正的钻石
/playlist?id=2493663593,初冬必备 | 像围巾一样温暖的唱作女声,14万,哇真巧
/playlist?id=2471392651,【国风】极乐夜·2018北京鸟巢国风极乐夜,14万,正版骆一锅
/playlist?id=2451463644,光年之外所有版本（过滤精选）,14万,100000mlTears
/playlist?id=2463133911,2018南京Yolo 歌手顺序歌单,13万,精分的尾巴
/playlist?id=2521168404,Rap说唱乐每日新歌,13万,Rap说唱乐
/playlist?id=2394616283,宫商角徵羽 国风美少年,13万,Miss风范
/playlist?id=2504828234,旋律说唱｜别等了 跟我回家,12万,反派奶酪N
/playlist?id=2361162900,循环往复催泪古风歌曲-虐心精选,12万,小帆shufan
/playlist?id=2540693185,走路带风 | 律动满分说唱陪你过冬天,12万,黄鲲_
/playlist?id=2189450229,苏强大老攻歌曲合集,12万,苏强大老攻
/playlist?id=2398410157,「你若在心上，等你几年又何妨」中文流行,12万,音乐人李国浩
/playlist?id=2626392107,《独家记忆》电视剧原声带,12万,叙雁
/playlist?id=2485606703,国漫┆在我记忆里，除了邪恶，就只剩你了。,12万,呆呆骑着波波还摸秃了妖刀的头
/playlist?id=2583641514,倒数1096天,12万,玖廿
/playlist?id=2525394853,抖音精选好听歌曲（2019优质歌单）,12万,爱听歌的帅伟
/playlist?id=2150925989,是笑话 是一厢情愿,11万,可哥哥眼里没有我啊
/playlist?id=2398397661,80后流行歌曲,11万,回忆后游离
/playlist?id=2508664168,抖音中文歌曲最新,11万,HizMeng黑子
/playlist?id=2607371447,歌手2019 原曲.更新至第六期,11万,SiNGERYCHOU
/playlist?id=2391836093,【吴青峰】惊艳了时光的主唱大人①,11万,Carol骨头
/playlist?id=2299802793,王以太是他，王闪火是他，3ho也是他。,11万,HuGeRhythm
/playlist?id=2481279974,东西 cover林俊呈,11万,言唯爱卿
/playlist?id=2400596186,Rap走心 故事写在歌词里,10万,欢欢酱-
/playlist?id=2250000311,［德云社-张云雷］二爷唱过的歌,10万,孟婆汤里的胡萝卜
/playlist?id=2556958401,『执念』 欲问青天这人生有几何,10万,青风音乐库
/playlist?id=2306356363,正太音&少年音‖你温柔的就像融化的奶油糖,10万,霁枍
/playlist?id=2261126831,蔡徐坤应援曲＋cp应援曲！实时更新！爱坤！,10万,IKUN無藥可醫
/playlist?id=2554954030,【中文独立摇滚】最态度的中国声音,10万,StingrayAnd____
/playlist?id=2263942293,2018南京国风音乐会【玄武纪】敲定版,99114,一二三一九
/playlist?id=2584831833,「男声丨声控」你男朋友的声音,97585,雪江南酱
/playlist?id=2552728919,敢点进来 就敢让你怀孕【胆小勿进】,93062,Rain_VVT
/playlist?id=2467496278,那些你找不到资源的抖音翻唱,94305,MyHeatWiliGoOn
/playlist?id=2122744635,德云社相声精选【麻烦您看一下简介，谢wua,91735,星空汐
/playlist?id=2466152094,20181103国风极乐夜曲目,90609,河山万里图一个你
/playlist?id=2549764331,地球最后的夜晚 电影‖预告片配乐,87560,SoldierOfFortune
/playlist?id=2526486165,音遇-抖抖专场,88286,Eddiee_
/playlist?id=2324252745,2018vsingerlive洛天依演唱会曲目,87627,fangtang2003
/playlist?id=2577797520,也许，再也不会相信爱情了,86527,鲍越by
/playlist?id=2553830268,CCTV《国家宝藏》第二季 | 持续更新|较全,86123,镜颜不惊艳
/playlist?id=2582559090,『2019跨年演唱会』各大卫视跨年歌曲合集,86098,爱学习的90后_
/playlist?id=2467121494,中文车载DJ,85540,amg重来
/playlist?id=2539659394,【绝美古风】2018热门古风音乐盘点,84674,涧客不能说
/playlist?id=2432264636,中国新说唱 艾热，那吾克热,84389,Aziz48
/playlist?id=2519198231,我连未来都想好了，可你半路却走了,83540,总有月亮陪小熊
/playlist?id=2523154300,我们并不孤独，只是格格不入,82906,小文艺少女酱
/playlist?id=2303788974,说唱 别急甜甜的恋爱马上就轮到你了哦,83095,_____crush______
/playlist?id=2453151724,岳云鹏孙越相声专辑,82196,Mr-AIYA
/playlist?id=2365216543,B站鬼畜区镇站之宝,81491,凌子崎
/playlist?id=2511449106,谁先爱上他的 电影原声带,83578,渝曉曉
/playlist?id=2488791611,抖音情感语录,80407,许德国
/playlist?id=2482645921,每日一丧||感谢你曾经来过 就算你是个过客,79718,陈鹤一女友
/playlist?id=2471380741,我多想再见你，哪怕匆匆一眼就别离,78320,Y佚Y名Y
/playlist?id=2484888976,深情的浪漫小情歌，只为你唱,76673,一凡哎哟
/playlist?id=2452873602,必听：新生代说唱歌曲 Hiphop,76031,Road-D3
/playlist?id=2292405633,满目山河空念远 何不怜取眼前人,75653,琦琦会仙术
/playlist?id=2481455905,没资格的醋 吃起来最酸 别再机场 等一艘船,74027,朱家琦jar_
/playlist?id=2568193802,咚钰 最爱apple,72906,最爱appleman
/playlist?id=2486875514,中文励志说唱-为梦想努力奋斗,72373,音悦嗨
/playlist?id=2617467453,中文丧rap,71818,HOUSE-STAR-RECORDS
/playlist?id=2563483285,爱抽烟屁的彦祖【更新中】,70369,_许你万丈光芒
/playlist?id=2325071776,「天乩之白蛇传说」 同人曲,68647,飞舞的青春花瓣
/playlist?id=2562517947,民谣江湖里的路人甲,67946,段标驹
/playlist?id=2151423479,BC221坤音四子—ONER的歌,68135,唐羽声
/playlist?id=2462024605,那些收费但又很好听的中文歌♡,67681,橙十六的网易云音乐
/playlist?id=2199629114,焦迈奇（新年快乐）,69370,告别-昨日
/playlist?id=2520419709,【官方推荐】双声道环绕（带上耳机聆听）,65459,欧大爷丿
/playlist?id=2560213661,郑云龙&王晰（持续更新）,64372,池渊_
/playlist?id=2099638433,新年/春节歌曲大全（国语 粤语）,69395,火炎焱燚
/playlist?id=2489250758,梦想的声音第三季原唱翻唱合集【持续更新】,63259,orz豪1
/playlist?id=2626386299,网剧《独家记忆》原声收录,62851,Circle_Micinski
/playlist?id=2493036888,金庸武侠影视歌曲集,59042,绵绵多巴胺兔
/playlist?id=2487998689,【民谣】所谓民谣 所谓孤独,58840,民谣姑娘慕子
/playlist?id=2217224514,「姜云升」陪你从无到有,59004,你真的不打算回头看看我吗
/playlist?id=2533313858,不说真心话让我怎么为你大冒险,58643,听说你有小蝴蝶
/playlist?id=2517727045,你和我的倾城时光,58420,Darker180331
/playlist?id=2257884902,咳咳【中文 骚气 污】,58122,凡言束青
/playlist?id=2574721988,2018 动感101·101首金曲跨年倒数 歌单,57803,动感101
/playlist?id=2576750657,情 话 对 你 耳 边 说(说唱),57534,ZHAOJ趙杰
/playlist?id=2523084626,浪子回头，回头再浪,57706,爱笑的洋先生啊
/playlist?id=2228745656,尤长靖｜陪 你 挑 战 万 般 阻 碍,56967,尤长靖的私人床单
/playlist?id=2329212393,镇魂·巍澜同人歌,56686,老萝卜干儿_RDJ
/playlist?id=2144832156,舟渡｜Priest《默读》同人曲合集,55190,捎风来
/playlist?id=2541592321,想你的时候我在听说唱,52838,跕鸢_
/playlist?id=2454276859,「Free beat」免费说唱伴奏,52221,97Virus
/playlist?id=2585039657,幕后之王 电视剧原声带,51108,尤文杰BBLin
/playlist?id=2489941948,只有暗恋的人才能听懂,49642,张z一一
/playlist?id=2531250568,抖音好嗨哦毛毛姐当你走了真好陆超抖腿囧架,49235,你要低调知道吗
/playlist?id=2467995996,100种人生态度，有没有你的归宿？,48655,小馆长的晚安
/playlist?id=2269482468,【中文嘻哈】中文韵脚。,48441,鸿渐HonJan_
/playlist?id=2206325145,『破云+默读+撒野』(看简介),48937,臆夕霁月
/playlist?id=2531702684,「人不彪悍枉少年」原声插曲全纪录,48084,可乐与七便士
/playlist?id=2528507391,〖音遇〗APP常见歌单,47983,鹤洁洁哎
/playlist?id=2290432318,水一大魔王天秀露娜BGM,47782,网易云电音大队大队长
/playlist?id=2383948959,薛之谦-违背的青春,47622,这是一个小胖砸
/playlist?id=2619919028,《白蛇：缘起》动画电影〖原声收录】,47672,Cosmos0717
/playlist?id=2483518689,《唐砖》影视原声,47324,施依山
/playlist?id=2540717803,我还是喜欢你趴在我身上的样子,47093,留声机小姐姐
/playlist?id=2467547271,G.E.M. 邓紫棋 | 睡皇后,46971,斗龙战士_星达拉
/playlist?id=2109118213,高质量 说唱伴奏免费精品Free Trap Beat,47072,小悟空Miki
/playlist?id=2542169393,你给的全部，我都记在心里,46181,洋柿子喵恩
/playlist?id=2472511008,低调组合-杨和苏KeyNG最全合集,46013,JERRY小勇
/playlist?id=2474541497,抖音唯美纯音合集,45497,Leon皮皮鑫
/playlist?id=2069966282,『金光瑶』金星雪浪 一世敛芳,44984,三月里洋流中的一尾游鱼
/playlist?id=2414308072,粉色系|微甜的说唱,44342,杜宣达达达
/playlist?id=2508861216,电视剧《我们的四十年》（全）,42809,吃小酪
/playlist?id=2400773976,结婚歌单,42784,厘小白
/playlist?id=2416150339,SHE-十七 〔出道十七周年音乐会〕 9.11,41255,msjnnn
/playlist?id=2624994627,我的孤独是绝症,41167,孤独的人不会快乐
/playlist?id=2515826239,音遇APP专用歌单【冲榜就靠它啦】,41003,爱诗班-慕依侬
/playlist?id=2446882108,在听这些歌时你已热泪盈眶。,39953,池予w
/playlist?id=2465546868,往事随音,39394,云中歌殇豫
/playlist?id=2474695472,沧海一声笑是铁血丹心的大英雄的难念的经,38189,寒寒寒寒寒武纪
/playlist?id=2427284629,陪伴【考研】学习歌单–（持续更新）,36605,魂淡君君君
/playlist?id=2488652139,西彬翻唱集,36652,東尐
/playlist?id=2563538495,2018年12月小秘书新歌推荐,36110,云音乐小秘书
/playlist?id=2458146337,好听华语新歌（一直更新）,35975,-小乔丶
/playlist?id=2394377534,【传统相声经典相声】侯宝林刘宝瑞马三立,34946,佚名Remix
/playlist?id=2575755125,相守 丨 择一城终老·遇一人白首,34375,_狗十三-
/playlist?id=2276349451,范丞丞歌单,34333,WYTTLYF
/playlist?id=2541399211,【古风原创】辞.九门回忆(二月红),34350,江湖戏子天下行
/playlist?id=2328207501,【朱一龙】小笼包的专属歌单♡,33661,烟雨离殇l
/playlist?id=2579960763,2018-2019【跨年演唱会】歌单收录,32993,居家小火龙
/playlist?id=2408879599,五月天/ SHE/ 南拳妈妈/F.I.R.,32951,荒腕
/playlist?id=2448764007,或许你喜欢厘小白,32225,Incubuspayer
/playlist?id=2542159574,谈不上有多喜欢 只是每次醉酒脑海都是你,32195,HUYUJIEYA
/playlist?id=2106774050,唯美浪漫主义＊bl ♡gl 动画＆漫画 《19天》,31872,以顾之姓冠丞为名
/playlist?id=2512990709,来吧！葬爱家族！可爱的杀马特,31381,小山楂卷
/playlist?id=2459460871,精选（顶级DJ车载劲爆舞曲）-持续更新,31658,凉何丶
/playlist?id=2607943639,华语｜流行｜伤感 我有点疼但是我还能忍,30507,C位祝福
/playlist?id=2552690342,【1978-2018】《大江大河》影视原声,29507,木槿之思
/playlist?id=2531898657,“那里的人以为，我们千里寻来只为流浪”,29297,李德仰
/playlist?id=2321608357,流行㊋闽南语歌曲（河洛话 ）,29352,VARERED
/playlist?id=2423160385,李荣浩 年少有为,28760,Vv嘤嘤嘤
/playlist?id=2544618522,我愿意丨为你做一场小丑表演,27823,情绪控9420
/playlist?id=2557278648,六学家圣经本篇.节选,27193,Spider2nd
/playlist?id=2483635221,《现在就告白》第三季BGM,26467,Yilia吖喵
/playlist?id=2623282885,网剧独家记忆✨|原声,27055,Hi阿蕾莎
/playlist?id=2623782653,二奶奶的作业,26383,小辫儿的毓贞
/playlist?id=2386197116,『抖音』热门BGM,持续更新❤,25547,阿biu有点怪
/playlist?id=2290700553,D1NOVO,25400,Jessiefffff
/playlist?id=2486686365,梦想的声音第三季原唱歌单,25097,JOKER-陌小薛
/playlist?id=2549148814,燃烧吧 哪怕破碎过的梦 让火光照亮脚下的路,24715,笑风过
/playlist?id=2474879978,串烧：恭喜发财+好日子+新年快乐+有钱没钱,26072,sweets-1
/playlist?id=2535113175,我记得，那是我儿时居住的地方,24560,树渊
/playlist?id=2521532393,天津说唱 T J C,23959,SPRITE雪碧-
/playlist?id=2387979662,超神学院、雄兵连完整歌单歌单，BGM,23816,一只会打游戏的狗
/playlist?id=2384196698,『曦澄』万里泽芜 涣回澄心,23716,今天也很喜欢基德sama
/playlist?id=2482848801,经 常 很 丧 但 偶 尔 很 酷。,22426,97线丧气女孩
/playlist?id=2562021302,饒舌配電音甜满心,22414,没有猫的
/playlist?id=2651414876,山东不止有谢天笑和赵照,31465,山东独立音乐人基地
/playlist?id=2392949373,粤语伤感情歌，想哭就哭出来吧,21141,音乐Wu哥
/playlist?id=2314889314,【一花依世界】乖巧坐等翻唱(≧∇≦)ﾉ,20977,但求一睡萧忆情qwq
/playlist?id=2462704152,［地下8英里］FREESTYLE BEAT 练习伴奏,20406,地下8英里资讯台
/playlist?id=2338433006,忘川风华录,20465,江沫阳_
/playlist?id=2559182241,2018刘德华演唱会歌单,19738,我就是阿魏咯
/playlist?id=2511421315,80后流行歌曲上课偷偷听的经典老歌！,21515,DELETE_ONCE
/playlist?id=2620319207,你一直在找的歌《国语》,19133,garden北鼻
/playlist?id=2653542723,国产remix 不是很甜（精选）,18541,Yama字SatanLucifer
/playlist?id=2537741113,原来占据你内心的人不是我,18436,HEBr-
/playlist?id=2567732482,王玖作品集,18155,演绎王玖
/playlist?id=2386191655,金光布袋戏原曲配乐全收录,17873,土豪金北芳秀
/playlist?id=2511714508,《你和我的倾城时光》,17697,姜崽崽
/playlist?id=2574847424,你鹏 复读机 Lil Pump Diss合集,17512,卍饶舌萝莉卍
/playlist?id=2529376614,让你听见重庆无翼鸟的声音,17269,裸泳不穿
/playlist?id=2452685704,唢呐合集|骚断腿的 可以和萨克斯贝斯媲美,17059,不二大叔呀
/playlist?id=2467138136,润玉（罗云熙）同人歌,16903,廖月将影
/playlist?id=2401912666,【睡眠丧曲】希望夜晚能使你不再孤独,16605,治仔杂货铺
/playlist?id=2472354060,好听到爆的网络红歌,15992,醉天地1707
/playlist?id=2575598839,“我 想你了”,15433,Edison元
/playlist?id=2530141479,中文DJ汽车音乐-全无损,15274,龙芯X
/playlist?id=2479782612,我老公－赵辰龙（中国最强hiphop厂牌）,14820,郁子小精灵
/playlist?id=2400019384,嘻哈轰炸机：快嘴弹舌rap集,14446,乐人-舞术
/playlist?id=2561309822,励志 成长 适合年会的歌曲,13354,紫色菩提
/playlist?id=2339506836,耽美小说同人曲〖priest，淮上，西子绪……,13052,肆嵘
/playlist?id=2519187034,抖音翻唱 | 好听到爆的单曲,12871,活捉野生菠萝_
/playlist?id=2488965578,欧美DJ版 Rmix [更最新中],12523,Alluro-
/playlist?id=2619346914,【抖音2019热歌】伤感特辑歌单,12409,小宾哥666
/playlist?id=2613384244,要和Rapper谈恋爱｜国语情歌说唱,11704,BoredTeenager_
/playlist?id=2533175689,国风美少年 | 值得挖掘的惊艳原唱合集（1）,11628,我是大编
/playlist?id=2643449867,过年了，我的眼里只有「吃」,11254,空虚小编
/playlist?id=2504418998,枕风宿雪多年，我与虎谋早餐,10696,TAG-900
/playlist?id=2599406565,「新年歌曲」欢快的新年歌曲串烧,12292,侠侣亲子游--许天准
/playlist?id=2525188627,情感语录,10397,萧瑟之风gy
/playlist?id=2511886558,嫁 给 你 是 我 毕 生 梦 想 _,10263,苏谭谭_关注动态
/playlist?id=2518001683,【范玮琪经典歌曲36首】,10158,长路慢慢唯佳作伴
/playlist?id=2633286939,《独家记忆》电视剧原声带,10175,二优-
/playlist?id=2428074928,睡觉必备心灵鸡汤,10187,叫我沐兮吖
/playlist?id=2392920545,SQ从你的名字开始,10045,飞翔-Flight
/playlist?id=2515958007,【古风戏腔】兰花指拈红尘似水,9931,奉卿笔墨
/playlist?id=2418326451,400首好听古风歌,9843,咸味芝士奶糖
/playlist?id=2438108409,你一定要幸福，不然辜负了我的成全,9763,那个慢慢
/playlist?id=2555194363,六学语录精华,9700,六学博士后
/playlist?id=2583324489,baby当妮走了,9683,不喜歡就殺掉
/playlist?id=2561888517,Ich bin Shrimp tang虾·唐 ❣️,9612,虾虾虾虾虾虾虾虾虾虾虾虾虾
/playlist?id=2520849412,双世宠妃所有歌曲原声带,9641,式微君不归
/playlist?id=2432354097,国色天香第二季 MIC男团,9520,CISILY是彬彬鸭
/playlist?id=2525673272,国服第一锐雯!黑白锐雯直播歌单,9520,北巷凉城有故人
/playlist?id=2639683607,青春有你BGM（☆_☆）,9293,Vivian_G
/playlist?id=2538140268,失 戀 歌 單.,8558,祝某很爱你
/playlist?id=2502770326,顽童MJ116❤ALL,8478,KittyBieber
/playlist?id=2483978437,我怕我醒来就抱不到你,8453,机遇多心酸
/playlist?id=2579452776,抖音兔子牙（翻唱合辑）,8428,我是坑啦
/playlist?id=2492649142,带上耳机感受女说唱,8260,反刑
/playlist?id=2637683930,失恋歌单，只有歌曲才能安慰自己！,8150,基地音乐库
/playlist?id=2511881682,如果结局不好，我宁愿孤独终老,8071,什么时候才能遇见这样的你
/playlist?id=2561994753,多才多艺风趣幽默的双子【华语】,7999,Yang_DH
/playlist?id=2538265493,『贰零壹玖恭贺新春：猪年大吉万事如意』,8570,璨梦星辰
/playlist?id=2375869793,沈以诚 徐秉龙 刘思鉴 Todd Li 太一 Cosy,7911,有琦出没
/playlist?id=2574326683,大哥很丧但大哥得酷,7760,DJ沈梦逸
/playlist?id=2508978028,嘘，听王嘉尔唱歌,7638,慕喊涵的日常
/playlist?id=2525673235,属于老男孩们的歌,7604,Rock二狗子
/playlist?id=2572606695,在抖音听到好听的【持续更新*永不断更】,7600,不知意深
/playlist?id=2326192500,抖音歌曲最新Bgm,62万,小攀哟
/playlist?id=2625190603,2018歌曲40首合集 (虎扑步行街),7541,陈写字
/playlist?id=2504187619,最易上手尤克里里弹唱超精选,7445,AndyGFQ
/playlist?id=2514582824,古风 | 人生如梦，一尊还酹江月,7298,刘珂矣
/playlist?id=2416304227,中国相声大全,7231,寒鹤亭
/playlist?id=2452593382,中国动画：这是我们的童年时代,7197,共青团中央
/playlist?id=2610846948,斗鱼温柚歌单,7180,望鞅
/playlist?id=2476938465,说唱 艾热 gai 那吾 vava 王以太,7105,言心惊
/playlist?id=2607767355,青春有你选手前期作品(待更),7130,轶繁
/playlist?id=2636897464,初闻不知曲中意，在闻已是曲中人,7058,太想念-
/playlist?id=2382814072,治愈又温柔的男友嗓啊。,7100,张小花超迷人
/playlist?id=2618855798,【Pr视频剪辑】适合Pr剪辑的鬼畜BGM,6454,手举日月照山河
/playlist?id=2637460723,谢谢你，我走了,6445,4O_WHeart
/playlist?id=2580362482,大张伟抄袭歌集合,6328,郎刻电音_Offical
/playlist?id=2520962816,天冷了，想给你个温暖的拥抱,47万,小铁Joe
/playlist?id=2625643867,民谣有酒 愿你长久,6202,三麦咖啡
/playlist?id=2607304461,达拉崩吧薛之谦,6134,巴拉巴拉巴拉爸爸爸爸
/playlist?id=2478474610,人民日报 40 年 40 首歌（1978-2018）,6004,木昜木辛白告
/playlist?id=2372877741,这是不正经的魔道祖师,6071,想要一个好听的名字
/playlist?id=2383266566,台湾民歌时代——再唱一段思想起,44万,浮世之舟
/playlist?id=2516714286,Erjia二嘉&Gifty&可乐就是力量&美味,6021,琼宝最可爱
/playlist?id=2622946907,青春有你·参赛曲目及BGM,5979,青春有你练习生
/playlist?id=2486217629,魔道祖师忘羡、晓薛、追凌、曦澄等歌曲合集,5912,千雪--
/playlist?id=2328365552,2018洛天依演唱会,6063,爱喵喵喵的猫
/playlist?id=2527475350,【漆柚歌集】今天依然是喜欢漆柚的一天,5874,今日份的醉羽睡傻了吗
/playlist?id=2499450761,法老 中国最有思想rapper.,5702,第六代活死人
/playlist?id=2561069305,【台湾偶像剧】那些年好听的台剧歌（歌曲集,5677,HSY凪
/playlist?id=2559030823,声临其境，声入人心（精选）,5576,合群异类
/playlist?id=2520126575,陈雪凝|世上再无白山茶,5315,畜畜大菌
/playlist?id=2564619322,六小龄童之 灵 堂 卖 片,5110,夷道若纇
/playlist?id=2567838102,江海不渡你，我渡,5047,ST904
/playlist?id=2629078945,『以团之名』最全参赛曲目及BGM,4874,Instagram美图社
/playlist?id=2571552340,「精选民谣」岁月化成歌 留在山河,4782,诗苦
/playlist?id=2560634887,港台经典,4740,张扬爱国是光荣
/playlist?id=2535607525,许你温柔，许你岁月，许你一场心动,4685,琉浅_
/playlist?id=2463226987,白宇应援曲,4631,言一白
/playlist?id=2520267828,听奶奶故乡河南的豫剧.,4643,兰欣_
/playlist?id=2620835560,歌手2019,4652,Night__Cat
/playlist?id=2321922130,《昨日青空》电影原声带,28万,衬衫的价格是玖镑拾伍便士
/playlist?id=2332988040,视剧《将夜 1》片尾曲BGM,27万,Ferhat吸血鬼
/playlist?id=2480403111,一个丧且自闭的摩羯座歌单,4303,着迷上瘾的我
/playlist?id=2543117378,cv呆呆cv羊仔cv景向谁依-翼之声,4274,久娓喵
/playlist?id=2549944573,我躲在黑暗角落，偷偷的爱你,26万,音乐人陌涵
/playlist?id=2421213003,【杀破狼同人曲】臣顾昀，救驾来迟,4228,zyj玉
/playlist?id=2567355724,失眠的柯西瓜凸( •̀_•́ )凸,4068,失眠的柯西瓜
/playlist?id=2626370371,网剧独家记忆OST,4072,菩提小喵儿
/playlist?id=2582292651,江苏卫视 2019年 跨年演唱会,4064,B-B文艺青年
/playlist?id=2637212976,张超推荐及唱过的歌单,3988,殇璃柳
/playlist?id=2570465286,重生之将门毒后 电影版上 迪丽热巴X肖战,3883,追星少女月
/playlist?id=2624499225,民谣┇苦不会尽 你不会来 ²,3757,日推心事
/playlist?id=2426724540,2018第九届金音创作奖入围名单,21万,陈北及
/playlist?id=2650424247,林大年的「吉他伴奏」,3732,林大年
/playlist?id=2564700291,第三封 “只字不提喜欢 是我们最后的默契”,20万,情书二三
/playlist?id=2534614833,等什么君，我等你。,3522,BerIin
/playlist?id=2435246740,撒野广播剧ED,3488,向夏小葵
/playlist?id=2571172701,邓伦的声控看过来～循环播放中,3358,Apirlyang92邓伦
/playlist?id=2555137218,你的专属可爱女孩//rap小甜歌精选,3341,AkashiAshes
/playlist?id=2619179762,2018年度最热新歌,3304,追梦去旅行
/playlist?id=2578967989,古风·我本桀骜少年臣,3249,千秋溯月
/playlist?id=2575048913,展展与罗罗，沙漠骆驼，抖音bgm17,3215,抖音栗子埋
/playlist?id=2491430776,歌手2019 || 参赛作品合集,15万,笑笑水之
/playlist?id=2546574192,中文old school说唱精选,2909,滑手龙飞宇
/playlist?id=2626041432,我想温暖这个有你的世界,2875,砚青钦墨
/playlist?id=2650095620,2018年最爱,3056,网易UFO丁磊
/playlist?id=2562234350,KTV必点歌曲,2808,安楠大叔
/playlist?id=2627353952,白蛇：缘起【电影原声带OST】,2758,木尧舟
/playlist?id=2377516047,长长的歌名里藏着一个个故事,13万,文科复读生
/playlist?id=2528473889,关于灵超鹅,2703,BUIDDD
/playlist?id=2544633739,「林宥嘉IDOL世界巡回演唱会」台北场,2611,作作_
/playlist?id=2502377320,一朝春尽红颜老 花落人亡两不知,12万,清茶hs
/playlist?id=2395621500,我不想堕落 可我不快乐,12万,可你怎么总是忘记我很爱你
/playlist?id=2619763403,抖音2019年网络红歌,2606,风间音悦会
/playlist?id=2529566431,《声入人心》原曲,2518,wytheZhang
/playlist?id=2534124907,民谣，一次听个够,2522,Bailisy
/playlist?id=2501193214,许你诗酒年华 不及你一句情话,12万,挨踢小民工
/playlist?id=2568455387,［生僻字）【全集】茕茕孑立，沆瀣一气,12万,李凤姐海棠花为军插
/playlist?id=2574246803,蹦迪 好嗨哦 DJ神,2480,电竞言辞
/playlist?id=2648313017,好听的翻唱系列◡̈,2489,楠妹儿b
/playlist?id=2596158789,林俊杰圣所2.0演唱会歌单,2262,誰說可可西里沒有海的
/playlist?id=2522728930,「古风」此身化鹤蓬莱间 闲云去后风雨来,10万,柒染-Author
/playlist?id=2568416693,彼得潘与辛德瑞拉,2287,indugei
/playlist?id=2353292917,一个白羊座的听歌列表,10万,不是青冘
/playlist?id=2629924524,《以团之名》更发光！更发亮！,2220,William李宗宸
/playlist?id=2565132101,优秀的余小磊,2132,优秀的余小磊
/playlist?id=2488237163,苏打绿+五月天|一只喜欢寂寞，一只终结孤单,96544,大圆老陈
/playlist?id=2539720517,防弹少年团应援曲＋翻唱＋庆生曲 ♡ARMY,2090,官方认证__正泰爱情结晶
/playlist?id=2560701147,「阳春白雪」游戏歌单,2132,ChriPher
/playlist?id=2515167787,山河人间-鸡腿子笔下的剑三,2102,平昭燕武
/playlist?id=2582614245,2018-2019 动感101金曲跨年倒数,2090,只想更努力的jenny
/playlist?id=2636487943,就养一只猫吧，你喜欢猫，我喜欢你,91491,娭月
/playlist?id=2619168815,【民国风】一身诗意 百转情思,1976,2次元菌
/playlist?id=2619094320,校园原创 | 天亮前，为你画好诗篇,1981,藥音乐官方账号
/playlist?id=2559530978,声入人心「低音的诱惑」,1926,KKColder
/playlist?id=2573189461,【六学】六小龄童全经典语录,1867,採花大盜逸塵子
/playlist?id=2556990324,有些歌，特别适合冬天窝在被窝里听。,1855,解忧小食堂
/playlist?id=2485602309,古风 | 一句戳心的剧情歌,75510,月刊少女kaki酱
/playlist?id=2580631621,2018抖音歌曲大全（完结）,1808,Bryson_Chow
/playlist?id=2507734221,以择荇为代表的古风词作大神（戳心向）,1771,叫我山主大人
/playlist?id=2510512217,【歌手2019】第五期更新！！(含前六季),72402,爱学习的90后_
/playlist?id=2445038108,德云女孩必备歌单2,1703,8个芭乐吧-
/playlist?id=2559065009,【华语】想唱给你听,67652,音乐人李国浩
/playlist?id=2569399658,我有点疼 但是我还能忍 祝你圣诞快乐,66362,朱家琦jar_
/playlist?id=2535181403,020 GANGGANG,1582,Ayan李子彦
/playlist?id=2618420062,Farahmand karimvo,1586,Farahmand-Karimov
/playlist?id=2618915549,你搜不到的土嗨神曲,1531,孤单又灿烂的神丨鬼怪
/playlist?id=2582198578,2018-2019 动感101倒数金曲,1527,tccrazy
/playlist?id=2530753529,精选 | 时间及其所赋予的,60100,岛与陆_张良成
/playlist?id=2604664340,2018华语年度唱片盘点by呆若木一,1481,顾鱼粥
/playlist?id=2459630310,创业时代 电视剧原声带,55690,告白气球v
/playlist?id=2457060047,琐诉平生 | 脱然爽率 在情怀里市侩,61万,外太空来的Mercy
/playlist?id=2637722056,2019春晚歌曲-猪年央视春晚,3707,o0灬玖月灬濤聲灬0o
/playlist?id=2484865157,【甜蜜说唱】春宵一刻值千金你知道吗,51011,Biscuit小公举
/playlist?id=2573226157,盖世爱被你吃了？,1334,有必要更新你的歌单了
/playlist?id=2639089143,那些没有开口的告白，最终还是让你听见了,49554,雪江南酱
/playlist?id=2639378389,猪年到｜猪年大吉 猪事顺利 耶！,1598,雲笙音乐
/playlist?id=2584001962,2019抖音热门BGM，持续更新（抖音2019）,46425,活该你风生水起
/playlist?id=2533209913,一个处女座的听歌列表,42338,欢欢酱-
/playlist?id=2581286018,伤感中文歌曲,情感的递进,1166,-潺湲
/playlist?id=2613749593,薛之谦达拉崩吧,1208,CBoy涵涵
/playlist?id=2621615794,忘川风华录精品翻唱收录,1199,白漪辰
/playlist?id=2417601023,2019抖音咚鼓版大合集,38550,大浪淘金666
/playlist?id=2621522084,能单曲循环的歌单,1073,失宠的小猫吖
/playlist?id=2620648983,走心的民谣歌单,1057,一个阿楠弟弟
/playlist?id=2614682392,民歌 上,1048,北风凌雪
/playlist?id=2564301034,乙太们的太一（笑）,1052,我也不好吃啊
/playlist?id=2645181279,改版歌曲第一人,1040,者思范Remix
/playlist?id=2612445253,周柏豪 2019 廣州演唱會 ONE STEP CLOSER,960,PakhoChau_振曜
/playlist?id=2578458468,林俊杰最全歌单（live除外）,931,可可呐-
/playlist?id=2613846515,可爱又迷人的反派角色.,926,妙仙儿_
/playlist?id=2533213910,一个人的时候，可以做什么呢?,27万,小铁Joe
/playlist?id=2511597155,『在下一个春天到来时 我将会把你忘记』,25849,小文艺少女酱
/playlist?id=2558676993,【魔道祖师X鬼畜】| 老夫名叫蓝启仁,779,帟亐_旺仔牛奶
/playlist?id=2622005920,民谣│我还是很喜欢你 像月光清朗 微风入境,24万,林沐夜
/playlist?id=2547965074,写作业必备(学霸刷题)中文安静,779,kuriko1706
/playlist?id=2363588903,香蜜沉沉烬如霜,24484,Darker180331
/playlist?id=2540769720,我以为你会挽留，而你以为我不会走。,24253,HUYUJIEYA
/playlist?id=2565763627,国风美少年加原唱,763,种梨花的姑娘
/playlist?id=2501030917,抖音热门BGM原曲（华语）,22279,-小乔丶
/playlist?id=2509710914,「民谣」小众歌手，但歌却巨好听,20万,音乐人陌涵
/playlist?id=2642302184,我爱你，只因你眼里住着星辰大海,21431,笑风过
/playlist?id=2315020424,【青春洋溢】乐华娱乐热门单曲精选,20万,网易云音乐
/playlist?id=2573170563,甜式唱腔，致我们单纯的小美好,19万,-情殇雨夜-
/playlist?id=2324451155,2018民谣热歌,20万,小攀哟
/playlist?id=2374593928,迷失/在温柔的鼓点和吉他里,19万,JZhustleEvyday
/playlist?id=2625979080,『精选』那些喜欢到循环播放的歌,658,余七音乐分享
/playlist?id=2631625305,终于也是有故事的人,662,猪比小月
/playlist?id=2618345367,民谣合集,641,梧桐消失了
/playlist?id=2643614755,有没有一句歌词直戳内心,624,我爱音乐网-
/playlist?id=2561630159,2018·落日孤单 | 地球上最后的夜晚,90万,鮭魚先森
/playlist?id=2377550436,《延禧攻略》电视剧原声带,16万,衬衫的价格是玖镑拾伍便士
/playlist?id=2623808219,《以团之名》,586,苏勋伦_Lun
/playlist?id=2617881971,爱民谣的人,578,北漂老妖
/playlist?id=2543328724,正能量rap | 不要让自己被别人控制,11万,挨踢小民工
/playlist?id=2635351895,改革春风吹满地-念诗之王,464,Winception
/playlist?id=2491191603,回忆00后看过的经典动画片歌曲,12808,长歌style
/playlist?id=2630722536,精选 | 花粥沈以城林宥嘉徐秉龙薛之谦王贰,414,情感文字君
/playlist?id=2265378916,《绝世千金》电视剧原声带,10万,笑笑水之
/playlist?id=2502331307,后来有多少期许 也只是遥不可及,11905,留声机小姐姐
/playlist?id=2382831656,就在今晚把你搞定,96413,可你怎么总是忘记我很爱你
/playlist?id=2582364015,戏曲:昆曲·淮剧·川剧·秦腔·沪剧·晋剧·汉剧,397,SAINT-LAURENT
/playlist?id=2494584163,情歌Rap/喜欢说唱也喜欢你,11418,瞌奶
/playlist?id=2650817824,大事件2018年 年度劲歌金曲串烧 榜单 暴走,401,绝佳演技
/playlist?id=2501149000,《人不彪悍枉少年》影视剧原声歌曲,78597,NHDZ4-10
/playlist?id=2491689471,《风味人间》纪录片 原声收录,9528,Cosmos0717
/playlist?id=2440461122,入此门中皆为吾友 入此门中不问去留,63637,清茶hs
/playlist?id=2491157645,国摇/采样丨往来皆是菩提路 出入无非解脱门,59722,银河失聲
/playlist?id=2503509599,【渣反】朋友你听过春山恨吗,8016,一只遥同学
/playlist?id=2647636638,今年所有的遗憾 都是明年惊喜的铺垫,59067,朱家琦jar_
/playlist?id=2426821165,当说唱歌手邂逅轻松旋律,58433,月刊少女kaki酱
/playlist?id=2615429518,一个射手座的歌单,250,wo超级爱自由
/playlist?id=2547789676,南方初雪°＊快让我在这雪地上撒点野,87万,鮭魚先森
/playlist?id=2452114012,超甜/只可私藏 不能共享,7033,超喜欢冬天
/playlist?id=2623548128,深夜学习励志歌单，给前行的你,221,Wuli奶思敏
/playlist?id=2441499611,古风盘点| 一人一首原创曲（男神篇）,20万,迩ran
/playlist?id=2547150455,【民谣】私藏歌单,6155,民谣姑娘慕子
/playlist?id=2628241415,咕咚版热门歌曲，好听到飞起,5924,音悦嗨
/playlist?id=2614845207,尤长靖的歌单,172,尤长靖_NASILEMAK资源博
/playlist?id=2644993081,歌手2019 第三季歌曲,200,陌路繁华-
/playlist?id=2629584905,2019抖音歌曲大全,15万,小攀哟
/playlist?id=2647909816,17岁的我怕给不了你那么多,161,不懂吃鱼
/playlist?id=2449161245,祝你岁月安好 前程似锦 以梦为马,37万,宁遇夏
/playlist?id=2636716815,龙登杰 口琴/双簧管 配乐合集,152,爵士口琴龙登杰
/playlist?id=2641142794,你有没有喜欢很久却错过的人?,146,新起点音乐库
/playlist?id=2470316845,独立摇滚|记忆是相见的一种方式,97762,JZhustleEvyday
/playlist?id=2633412953,《中文咚鼓》歌有了，就差车了,141,一个出场自带BGM的男孩
/playlist?id=2637682992,陪你过冬天 • 撩汉撩妹助攻神器,125,果子狸iukulele
/playlist?id=2636418350,抖音里那些别具风味的翻唱（持续更新）,3316,_陈曦_cx
/playlist?id=2570672647,民谣排行榜_好听的民谣歌曲大全100首,3283,侠侣亲子游--许天准
/playlist?id=2574846369,耳帝·2018最值得听的50首华语,3026,可乐与七便士
/playlist?id=2329896578,《媚者无疆》 电视原声带,70558,衬衫的价格是玖镑拾伍便士
/playlist?id=2563185670,我等的人ta在哪里鸭,17844,雪江南酱
/playlist?id=2449691538,抖音热门BGM原曲（外语）,16865,-小乔丶
/playlist?id=2621492609,【精品】双笙原【翻】集,109,又是给双笙ncf思想教育的一天
/playlist?id=2639265571,冷门又好听的中文歌曲,105,KIKONT
/playlist?id=2640317110,一个巨蟹女的听歌列表,105,艾琳艾德勒丶
/playlist?id=2646002188,听青春ost，心悸的时光里有你,53846,-情殇雨夜-
/playlist?id=2574586562,2019不可阻挡，奔向理想与未来,75万,狗大叔爱听歌
/playlist?id=2287380795,2018年年度热歌,14万,小攀哟
/playlist?id=2614382439,思念的解药 即是归乡,100,我的光芒不是造的sunny
/playlist?id=2370779045,「有匪」愿你在冷铁卷刃前，得以窥见天光,12880,辞雀
/playlist?id=2564427859,徐秉龙 沈以诚 薛之谦 林宥嘉,2233,苏鶍
/playlist?id=2641273797,听说你也在找好听的华语歌,100,a栀情哟
/playlist?id=2622468258,综艺 | 横冲直撞20岁BGM | 持续更新,2128,PlusFeng
/playlist?id=2644283752,没有什么原因 就是突然的难过。,98,行长呀
/playlist?id=2533619098,一个巨蟹座的听歌列表,11103,欢欢酱-
/playlist?id=2575685445,2018 我的年度选择,10880,陈北及
/playlist?id=2616243352,2018抖音最火中文歌曲全收录（2019抖音）,10423,活该你风生水起
/playlist?id=2553343310,ʀᴀᴘ / ʟᴏᴠᴇʀ’s ᴘʀᴀᴛᴛʟᴇ,87,Minstin
/playlist?id=2650676684,入股连淮伟 保证不吃亏,91,iseenopoint
/playlist?id=2642059221,春节商场bgm 福气临门，新年快乐,89,凛肆凛
/playlist?id=2618963380,【歌手2019】歌手们的经典原唱作品！,8873,爱学习的90后_
/playlist?id=2552259139,【古风】倘若东风未嫁人 百花依旧不负卿,1552,Leon皮皮鑫
/playlist?id=2629227421,Top 100新歌推荐「2.1」,82,BillboardChina公告牌中国
/playlist?id=2650406477,G.E.M.邓紫棋：Moving On,89,邓紫棋FANS后援基地
/playlist?id=2642702578,「精选」2018最火的50首音乐,78,花果山音乐分享
/playlist?id=2637709388,年度古装剧OST大盘点,1418,刘珂矣
/playlist?id=2650269783,龚俊的歌单,78,想正经的87
/playlist?id=2551004278,即使你是配角，更要活出价值。,1317,解忧小食堂
/playlist?id=2490980040,白蛇缘起 电影原声带,61902,衬衫的价格是玖镑拾伍便士
/playlist?id=2619161501,那些优秀的中国台湾乐队,6672,文科复读生
/playlist?id=2247391573,考前一搏//加油，为自己而努力,49万,流年忧光影
/playlist?id=2551363666,像围巾一样冬日温暖的唱作系女声,26万,云音乐VIP
/playlist?id=2520264000,电影《流浪地球》片尾曲BGM,6958,Ferhat吸血鬼
/playlist?id=2632955248,民谣┇有趣有盼 无灾无难 ¹,1170,日推心事
/playlist?id=2188540659,抖音预谋尚士达（尚six）,11万,小攀哟
/playlist?id=2643375057,有哪些冷门却好听的中文歌,69,你怎麽睡着啦
/playlist?id=2554939468,《流浪地球》电影〖原声收录】+纯音冥想,6433,Cosmos0717
/playlist?id=2628310333,♡薛晓♡,62,九_柒儿
/playlist?id=2642326638,2018年年度最火歌曲,60,樱花瞎几吧吹
/playlist?id=2619524230,【古风】恍然一梦中 落花终成空,737,2次元菌
/playlist?id=2499150295,好心情催化剂，拯救不开心,11960,茉瑾年
/playlist?id=2533174752,一个天秤座的听歌列表,11065,欢欢酱-
/playlist?id=2572431218,黑胶放映厅 | 18年令人印象深刻的电影原声,19万,云音乐VIP
/playlist?id=2550600177,国风美少年 | 诗画人生，美轮美奂,10557,挨踢小民工
/playlist?id=2265064949,没有结局的故事太多，何况你我,49万,情思天鹅
/playlist?id=2560410469,那些在抖音里很火的中文歌,9906,-小乔丶
/playlist?id=2652015359,2018劲歌金曲名单（暴zou大事件）,55,宇宙无敌小黄易
/playlist?id=2559348984,【民谣】那些好听不火的民谣,2997,民谣姑娘慕子
/playlist?id=2419538157,『古风•抓耳尾奏』余音袅袅，不绝如缕,25万,花色游戏
/playlist?id=2638666637,感情上缺乏安全感的人是怎样的？,586,杉茶先生
/playlist?id=2653269596,三天之内杀了你,47,可乐冰不
/playlist?id=2618508411,但愿你会试着放下往事，管它过去有多美,376,青风音乐库
/playlist?id=2628196316,想用睡眠 放弃时间,46,让我送你一朵花
/playlist?id=2649381165,下载不要钱|新年超市商场店铺过年歌曲,44,认准我这个萌萌哒
/playlist?id=2645414569,原耽牛逼！同人·原创·广播剧相关,40,孙朝同学
/playlist?id=2574680352,贾凡❤❤声入人心 ‖ 凡凡唱过的那些歌,5559,爱学习的90后_
/playlist?id=2460285174,民国优雅录 | 上海回忆独特风味,11万,云音乐VIP
/playlist?id=2461479899,『古风』何处合成愁，离人心上秋,16万,花色游戏
/playlist?id=2650591351,新年歌曲,42,占用听歌
/playlist?id=2567449772,第四封 “小傻瓜 想和你一起谈谈琴恋恋爱”,1502,情书二三
/playlist?id=2533204861,一个摩羯座的听歌列表,9368,欢欢酱-
/playlist?id=2561370829,《天气预爆》电影〖原声收录】+天气预报,3921,Cosmos0717
/playlist?id=2621077090,听说把糖放在枕头底下会做一个甜甜的梦②,187,我不是菜菜呀w
/playlist?id=2650309605,是笑话吗是一厢情愿,183,我爱音乐网-
/playlist?id=2479707994,黑胶私藏｜那些被唱进歌里的故事,93956,云音乐VIP
/playlist?id=2646747070,【Hiphop】点燃你内心的少女心,33,龙志栋
/playlist?id=2574358915,「毛不易」听到他的故事 回忆自己的故事,3035,NHDZ4-10
/playlist?id=2559452534,【民谣】藏在民谣里的姑娘,2711,民谣姑娘慕子
/playlist?id=2599758474,春晚歌曲|2019中央电视台春节联欢晚会歌曲,1376,侠侣亲子游--许天准
/playlist?id=2397915093,异地恋：恋的不仅仅是爱情，还有坚持,94288,情思天鹅
/playlist?id=2571999656,chill丨台团新浪漫风潮,2480,陈北及
/playlist?id=2573217894,锦鲤护体 | 新年最强锦鲤歌单,90395,云音乐VIP
/playlist?id=2493486932,说唱山水 | 浓墨重彩，用押韵干杯,86653,云音乐VIP
/playlist?id=2443889438,国摇丨以青春为燃料无畏前行,72万,原创君
/playlist?id=2540299197,任然的歌是可以疗伤的,3476,-小乔丶
/playlist?id=2533168849,一个金牛座的听歌列表,6307,欢欢酱-
/playlist?id=2626753874,【古风】几时归去，做个闲人,544,2次元菌
/playlist?id=2438551749,出门浪 | 你绝对需要的KTV金曲指南,81155,云音乐VIP
/playlist?id=2335387072,Diss吴亦凡合集,91万,Hiphop嘻哈站
/playlist?id=2511485876,异地恋：好想穿过对话框去抱抱你,7991,螚安Vivienne
/playlist?id=2335043409,《西虹市首富》 歌曲全收录,86万,好人大拇哥
/playlist?id=2638268981,『古风•热血歌』写下琵琶的旋律,372,音悦嗨
/playlist?id=2513895011,《无名之辈》电影原声带,76万,慕舟-
/playlist?id=2645099946,Zhe-Si-Fan,85,者思范Remix
/playlist?id=2628341267,从你的全世界路过,83,新起点音乐库
/playlist?id=2559462187,【民谣】关于理想 只能努力,1901,民谣姑娘慕子
/playlist?id=2564360666,抖音年度BGM歌单,1779,NHDZ4-10
/playlist?id=2632655292,我不允许你们没听过这么好听的翻唱,275,超喜欢冬天
/playlist?id=2570862205,综艺 | 我是歌手2019原曲合集 | 第四期更新,49万,PlusFeng
/playlist?id=2405674474,中国新说唱TOP榜【节目歌曲热度前十】,49万,中国说唱会馆
/playlist?id=2639030486,给爸妈的歌单，是自己的童年,225,丑萌的猫
/playlist?id=2521883292,KTV抱佛脚指南丨亲密爱人的情歌对唱,37462,云音乐VIP
/playlist?id=2619132046,『2019年春晚合集』央视春节联欢晚会已更,1821,爱学习的90后_
/playlist?id=2646827085,回家吧，快过年了,71,橘子觉主
/playlist?id=2522305846,华语民谣 ｜ 有些爱，止于唇齿，掩于岁月,17,听见花开之落尘
/playlist?id=2584482605,欢迎来到电音世界，燥起来！,1351,挨踢小民工
/playlist?id=2385000139,[民谣]一个天秤座的专属列表,44万,I-AM-OK-
/playlist?id=2456209688,抖友最爱一曲相思,44万,朕挺好的
/playlist?id=2633585196,你喜欢大海 我爱过你,561,可你怎么总是忘记我很爱你
/playlist?id=2540376700,方言情调°我的归途是你眼中的诗,30961,云音乐VIP
/playlist?id=2466318714,解忧邵帅,42万,解忧邵帅
/playlist?id=2651037142,【小女花不弃】第一首是多少人的回忆,65,腐女大大哈哈哈啊
/playlist?id=2278211358,马頔 宋冬野 赵雷 马良 陈粒 丢火车,40万,呓语Wei
/playlist?id=2605286576,视剧《小女花不弃》片尾曲BGM,40万,Ferhat吸血鬼
/playlist?id=2646060929,人走茶凉 | 梦醒时，我终究还是失去了你,56,花果山音乐分享
/playlist?id=2643961092,【古风】一瓢江湖饮，我本自在逍遥客,389,2次元菌
/playlist?id=2562468222,生于最冷的冬天，我的名字叫温暖,26160,云音乐VIP
/playlist?id=2651562095,谁先爱上他的【电影原声带OST】,60,木尧舟
/playlist?id=2235973489,中文撩人男声‖低音炮烟嗓‖南墙♡,32万,吸吸吸一口奶嗝
/playlist?id=2523536016,夜渐长｜长夜里的安全感你想要吗？,25916,云音乐VIP
/playlist?id=2395530280,毛不易｜全集,30万,超高校级的幽七
/playlist?id=2586419370,熬过了这段时间 谁给的糖都不要了,2674,螚安Vivienne
/playlist?id=2313401837,广场舞歌曲大全//节奏劲舞版,29万,csp3112
/playlist?id=2610231104,离开你之后 我终于学会了和自己和解,2464,mayuko然
/playlist?id=2627214367,没有怦然心动 我也没有你了,1040,迟到情书
/playlist?id=2484244461,蒙面唱将猜猜猜 第三季 原曲正集（完结）,27万,黑娃Caesar
/playlist?id=2538042573,国风美少年 先导1-10期（版权内）完整收音,27万,-绯靥-
/playlist?id=2343322325,中国新声代第五季,27万,高兴的姐姐芹菜
/playlist?id=2307352002,《邪不压正》电影原声带,26万,衬衫的价格是玖镑拾伍便士
/playlist?id=2547056801,余生很长，努力变成你爱的模样,9461,YouTube视频推荐
/playlist?id=2541054175,『古风•无尾奏』此时无声胜有声,4711,花色游戏
/playlist?id=2468007439,老子喜欢的中文歌,24万,跃寸
/playlist?id=2512931513,网易云热评10w+的中文歌,24万,超甜小王王王王
/playlist?id=2643028969,Eason Chan.,13,山后未逢
/playlist?id=2269560597,一首林俊杰 一首孙燕姿,23万,粟米and粟子
/playlist?id=2623443833,盯鞋 | 自赏 | 梦幻 | 蒸汽,38,让我送你一朵花
/playlist?id=2446727473,『惊艳』KTV女生必点歌曲,21万,音悦库-
/playlist?id=2415644088,抖音民谣歌单,19万,小八书生
/playlist?id=2629138114,你是什么星座，喜欢什么星座？ ​,1880,流年忧光影
/playlist?id=2553847228,【治愈向】哒哒哒的歌,18万,杜宣达达达
/playlist?id=2532618825,改革春风吹满地，中国人民真争气,17万,好久不见im
/playlist?id=2338490221,《中国新说唱》live作品合集（收录结束）,16万,Hiphop嘻哈站
/playlist?id=2633648173,“忍不住 想要爱你的冲动”,233,可你怎么总是忘记我很爱你
/playlist?id=2494992697,经典的喊麦歌曲,14万,Swilder_记忆
/playlist?id=2297897015,周华健热门50首,13万,FJGHOST
/playlist?id=2637755940,单枪匹马也懒得热闹 洒脱也很酷,3274,鹿白川
/playlist?id=2545926187,『精选』那些喜欢到循环播放的歌,12万,音悦库-
/playlist?id=2615553816,小女花不弃 电视剧原声带,12万,尤文杰BBLin
/playlist?id=2290857652,2018抖音热歌榜,12万,2018抖音火爆歌单
/playlist?id=2522104884,多少人以朋友的名义默默的爱着...,12万,清茶hs
/playlist?id=2516283806,【无名之辈】电影插曲,11万,巴巴巴贝
/playlist?id=2643433656,古风音乐发展史,154,一看就知道不是什么正经的单主
/playlist?id=2442158111,谭晶（蒙面+歌手）,11万,betman0079
/playlist?id=2331780638,高质量相声 --郭德纲-于谦-岳云鹏-孙越,10万,han_programmer
/playlist?id=2392204568,DJ版抖音歌 嗨爆你的脑筋，甩掉你的烦恼,96145,靑念
/playlist?id=2644849262,愿你生活常温暖 日子也总是温柔又闪光,2594,鹿白川
/playlist?id=2388015166,一百万个可能Christine Welch,95914,Niushvi
/playlist?id=2241517454,《一人之下2》完整官方角色歌,94108,灯塔_Lara
/playlist?id=2503257111,〖该死的温柔〗王嘉尔 最全收录,87606,IcE江南
/playlist?id=2633825295,在我撑不下去的时候，请给我一个拥抱,716,螚安Vivienne
/playlist?id=2362747897,刺客伍六七bgm（网易没版权！）,87455,羽毛球羽绒服都没有羽啊
/playlist?id=2386254874,如何做一个合格的舔狗,80596,Lokalive
/playlist?id=2371726773,忘川风华录（三无）,72961,Cheongwan-blessing
/playlist?id=2367893856,前方高能请带耳机！！！,71944,苏强大老攻
/playlist?id=2522889385,『网易云热歌』评论20w+（持续更新）,72557,-小乔丶
/playlist?id=2480217935,综艺 | 蒙面唱将猜猜猜第三季原曲合集完结,69365,PlusFeng
/playlist?id=2364987260,2018最火的歌曲,67123,环球童声音乐
/playlist?id=2327499036,【中文】适合学习时听的歌曲,65539,你的三三怡
/playlist?id=2424387921,大厂回忆杀—《偶像练习生》参赛曲目,66367,扑通扑通少女欣啊
/playlist?id=2216284341,10W 评论里的故事,65829,北漂老妖
/playlist?id=2646420082,久伴必定生情，多言始于厚爱,964,情思天鹅
/playlist?id=2338095309,我是江小白第二季 动画原声带,62469,衬衫的价格是玖镑拾伍便士
/playlist?id=2294778582,100首最适合开车听的歌曲(持续更新）,61259,JustinHilton
/playlist?id=2497131372,《我是江小白》(第二季更新ing）,58576,哔哩哔哩音乐娘
/playlist?id=2466129122,回忆杀系列2000-2010年代/伤感/怀旧,58063,哔哩哔哩大会员
/playlist?id=2647561121,「甜腻气泡」rapper的情话诱惑,123,可你怎么总是忘记我很爱你
/playlist?id=2565332039,2018年 大肚迟粉丝年度歌单,57899,一束烟火-
/playlist?id=2645061214,天气这么好 你为何老跑到我心里来,58,Amber丶Queen
/playlist?id=2559225076,《My Love》刘德华2018年红馆演唱会歌单,57912,DrLouis
/playlist?id=2521055291,KTV抱佛脚指南 | 活神仙级别的高难度曲库,54010,云音乐VIP
/playlist?id=2619803991,狗子你变了en,53624,贪欢丶灬
/playlist?id=2482210411,那些听一遍就喜欢的歌,51457,欢欢酱-
/playlist?id=2538141325,【精品歌单】rapper甜死人不偿命,50932,Killer-S
/playlist?id=2526554109,小小世界，大大城市，你我皆是《无名之辈》,50608,木影2号
/playlist?id=2650235005,减压慢歌 生活又不是热血动漫,1183,鹿白川
/playlist?id=2533530607,《燚》易烊千玺十八岁生日会,48613,今个您吃了吗
/playlist?id=2410219408,⠀⠀⠀⠀⠀⠀⠀ ⠀用饶舌的方式向你告白,47504,别网恋
/playlist?id=2653190808,情人节特辑 | 为你，我准备了这份浪漫,85,名侦探-柯北
/playlist?id=2398838235,幼稚园杀手,45430,迷了鹿的南
/playlist?id=2140136793,一重加害――九重现实,44354,名前灬怪物
/playlist?id=2521713081,『云村热歌』评论10w+（全收录）,43086,-小乔丶
/playlist?id=2471592866,剑网三.侠肝义胆沈剑心/非原声集,40566,糕坂穗奶果
/playlist?id=2636139807,【私藏宝藏】那些听了一定会收藏的歌,37471,R-tist康斯坦丁
/playlist?id=2446006417,好音乐不私藏,35228,别挤我的牙膏
/playlist?id=2568605977,【节奏&朋克&国语摇滚】²³³³³,34535,玄子CmAoT
/playlist?id=2526509877,我是歌曲串烧！,30772,傲娇公主iii
/playlist?id=2581657044,2018年动感101年度金曲,29386,巨蟹太阳水瓶座
/playlist?id=2244832079,云村评论十万加的中文歌（持续更新）,28109,不识胡乱唱歌
/playlist?id=2621830797,Best Cover Up,24,让我送你一朵花
/playlist?id=2653792517,专治不开心的歌曲大合集,27580,基地音乐库
/playlist?id=2570749260,你自吟游歌唱 将旋律谱成诗,27202,云音乐VIP
/playlist?id=2625003782,招摇,25135,Ferhat吸血鬼
/playlist?id=2463506281,那些网易云评论100000+的好歌。,24904,不会聊哦
/playlist?id=2605803849,将夜插曲,23430,-烈酒烫喉
/playlist?id=2630410714,梦醒时分 | 那些曾陪伴你深夜痛哭的歌,385,柠檬木有枝
/playlist?id=2634783231,愿你熬得过万丈孤独 藏的下星辰大海,456,YouTube视频推荐
/playlist?id=2558371542,陈绮贞 沙发海专辑,22044,Elio-20
/playlist?id=2397722406,撒野广播剧,20809,顾丞里遇见
/playlist?id=2400505902,EXO冬专,19558,不甜SN
/playlist?id=2365036064,「古画会唱歌」中国古代名画系列,18873,音阙诗听
/playlist?id=2631792703,小时候词不达意，长大后言不由衷,233,情思天鹅
/playlist?id=2640851811,2018好嗨哦（多加了丫dandan沈虫虫的串烧）,19940,夜雪声默
/playlist?id=2541474449,众乐纪肆·光怪陆离,18415,众乐纪
/playlist?id=2341739960,大厂男孩作品集(持更),18113,虞千肆
/playlist?id=2571910088,《将夜》电视剧插曲精选,17651,见我如是
/playlist?id=2197513490,TIARA,17495,TIA袁娅维
/playlist?id=2565096210,婚礼背景音乐|婚礼英文歌（婚礼上的歌）,16412,侠侣亲子游--许天准
/playlist?id=2555231059,怎么听都好听的那些歌----随时更新,16168,胡绍野
/playlist?id=2353518768,『LGBT|Girls Like Girls姬佬Les百合女同』,16126,-半糖去冰-多些李窄窄-
/playlist?id=2549120997,网剧《大约是爱》2018多爱你一些,15862,慕落依
/playlist?id=2584617622,【自编】我的2018年年度听歌报告 Top50+1,15727,青春脚步在Lu上
/playlist?id=2643234673,小攀哟,15752,小攀哟
/playlist?id=2529543432,『情歌』爱情不卑微不施舍，别以为你是谁,15614,音悦库-
/playlist?id=2513107777,节奏感比较嗨的歌,13867,傲娇少女温妤
/playlist?id=2468114727,原生之罪 ‖ 心之所向，生死同往。,13417,吴青峰专属吹峰机
/playlist?id=2646929832,每个人都有属于自己的一片森林,175,情思天鹅
/playlist?id=2561508451,包房每晚必备曲目,12577,DJ阿福
/playlist?id=2507444104,我喜欢的人叫周深，他唱歌很好听,12350,小小小深深的大大大泡芙
/playlist?id=2627165910,陶乐然,12132,zloser0157
/playlist?id=2482194953,邓丽君全集精选 中文,11939,荷香蛋卷音乐室
/playlist?id=2553179957,你是我患得患失的梦 我是你可有可无的人,11645,NHDZ4-10
/playlist?id=2478559588,炫酷的黑胶会员歌单,11372,取个名字好难受啊
/playlist?id=2445741131,「古风」这首歌，现在999+了,10973,一看就知道不是什么正经的单主
/playlist?id=2646357808,微微加点糖，给生活添点甜,83,流年忧光影
/playlist?id=2618836956,专辑合集,9864,手举日月照山河
/playlist?id=2611647493,[19.2.3更新] 云村收藏数过百万歌手记录,9604,Shiori_落
/playlist?id=2474074623,免费old school beat,9557,H--A--Y
/playlist?id=2612505879,【艾力哈木江】｛ElhamMuhemmed｝,9049,Qeyser-Bextiyar
/playlist?id=2560189113,兔斯基的一天,8323,-斯基学长
/playlist?id=2569276165,zzzzzzzzeal ipod,7995,ZZZZZeeeer
/playlist?id=2573789527,小哥哥的翻唱 | 温柔的像冬日软软的沙发,7777,清茶hs
/playlist?id=2531803850,西瓜JUN全集（除无版权）,7718,_Lifelin
/playlist?id=2532265293,舔狗之歌，伤心的舔狗听情歌,7617,-雪之下雪乃-
/playlist?id=2382397323,香蜜沉沉烬如霜 电视剧原声,7420,筱筱柠檬草lucky
/playlist?id=2546046938,国风美少年 | 值得挖掘的惊艳原唱合集（2）,7138,我是大编
/playlist?id=2542591933,励志豪猴音乐&亮声open翻唱,7142,峯LoloYeung
/playlist?id=2516037836,你和我的倾城时光,7117,LOVE浅诚CP
/playlist?id=2646249473,我和你跨过分秒，愿也可以跨过余生岁月,118,柠檬木有枝
/playlist?id=2555886200,Nightglow（崩坏3印象曲）,6764,月沁园
/playlist?id=2547558673,我的恶魔少爷OST,6651,SUGA5217
/playlist?id=2524748435,火箭少女101,6538,ZoyCheung
/playlist?id=2456067894,188男团＃渣且深情,6412,NaCl_R
/playlist?id=2466485284,【淮上】极道情深不死者 提灯破云看银河,6386,阿辞_一生一世一泽言
/playlist?id=2629513548,《小女花不弃》“邢恩”,6412,强势表白xe
/playlist?id=2628321260,京胡 ｜ 明亮透彻，委婉缠绵,8,听见花开之落尘
/playlist?id=2469909874,80后经典老歌甜歌,6277,清鸳吖
/playlist?id=2559073321,『云村热歌』评论10w+（华语）,6181,-小乔丶
/playlist?id=2625325756,醉仙美,6189,枯木逢春再遇冬
/playlist?id=2535049571,妖扬歌曲全集（除无版权）,5651,红衣初嫁血夜逢花
/playlist?id=2481937156,『华语神级唱功』触及灵魂的吟唱,5538,吴亦凡DM
/playlist?id=2560364590,AWM［绝地求生］by漫漫何其多,5513,酒间半夏
/playlist?id=2554622532,网络热歌分享,5614,是阿宇的宇吖
/playlist?id=2574719212,国风美少年,5441,Heavenhell9988
/playlist?id=2625456533,HHH万总无畏被后人翻唱的歌曲,5383,SolidBlock
/playlist?id=2505308135,民谣界女流氓，你的一腔诗意并没有喂了狗,5257,直的996
/playlist?id=2521173108,网易靖|实力主唱尤长靖de歌单,5177,Rachel豆花
/playlist?id=2638569406,这些藏在歌里的故事，有没有触动你？,98,柠檬木有枝
/playlist?id=2564028631,神控Music民谣,5160,神控Music
/playlist?id=2546485687,谓之太一,5231,吃了芒果的鬼
/playlist?id=2554987935,翻唱合集 | 大佬级别歌曲，真真真香！,4963,清茶hs
/playlist?id=2624102852,抖音（2018）最火华语歌排行榜,4958,基地音乐库
/playlist?id=2619823094,歌手2019·我是歌手第七季【原唱歌单】,4631,JOKER-陌小薛
/playlist?id=2483434815,表情包,4471,薄荷浅蓝
/playlist?id=2608913498,秦Sir所有混音歌曲(清明上河图）,4223,秦sir咚鼓混音
/playlist?id=2645123797,经典民谣歌曲420首【精选歌曲】,3589,基地音乐库
/playlist?id=2561088786,相声控的网易云日常,3148,西游乐队
/playlist?id=2637443179,让人瞬间平静的歌,2976,砚青钦墨
/playlist?id=2555762673,中国音乐公告牌（十二期全）,2955,小牙么小太阳
/playlist?id=2563292040,2018年度Top50热度歌曲,2938,读不透自己的读心师
/playlist?id=2489999106,『网易云热歌』评论10w+（持续更新）,2695,青稞同学
/playlist?id=2534805965,Fine乐团,2644,大圆老陈
/playlist?id=2631284503,绝世千金,2518,M4-S2D
/playlist?id=2640179118,ANU,2396,藏族音乐世界
/playlist?id=2607629408,传播正能量、2019为了梦想冲鸭,2153,-小乔丶
/playlist?id=2627358163,歌手2019 第3期 第三期 原唱/录音室版,2048,cen1999
/playlist?id=2565178492,花粥,2018,网易云音乐的泪
/playlist?id=2625969033,朝朝暮暮 | [独立音乐 港台],11,让我送你一朵花
/playlist?id=2639096079,国风美少年 | 值得挖掘的惊艳原唱合集（9）,1985,我是大编
/playlist?id=2544763669,我是江小白第二季,1909,两点十分动漫
/playlist?id=2560878348,2018火遍朋友圈的新歌，哪首是你的单曲循环,1796,似水流唸
/playlist?id=2549569921,嘘，别让网易云发现了！喘｜腐｜来开车吗？,1733,淅子木
/playlist?id=2631608015,生僻字 合集,1703,机智的二莫
/playlist?id=2626936888,古风 ｜ 月影憧憧 ，烟火几重烛花红,8,听见花开之落尘
/playlist?id=2567351213,双笙有事好商量千万别翻唱这些！粉丝绕道,1418,原版故梦不可取代不服憋着
/playlist?id=2636391168,2019抖音 网易云热门BGM（持续更新）,1439,_陈曦_cx
/playlist?id=2564775849,光头华夏原创歌曲,1346,子浊i
/playlist?id=2636179915,大爱王爷小钟钟～网剧《绝世千金》,1363,鹿馨汀
/playlist?id=2613567712,瓜尔康珠的歌单,1271,瓜尔康珠
/playlist?id=2582543999,101.7最动感101首金曲2018-2019年,1166,卡---卡
/playlist?id=2594965668,国风美少年 | 值得挖掘的惊艳原唱合集（6）,1141,我是大编
/playlist?id=2633130711,「硬地围炉夜」2018年度十大歌曲,1128,好闲_
/playlist?id=2580368094,洛天依,1099,兰欣_
/playlist?id=2578248942,♚『AIKO艾可』SynthV 艾可专题歌单♚,1052,云村VC喵_玖久收录小组
/playlist?id=2558307496,可耐的猫二,1006,陌陌超爱轩轩的
/playlist?id=2649944551,国风美少年 | 值得挖掘的惊艳原唱合集 10,952,我是大编
/playlist?id=2626885150,你的晚安是想让我闭嘴吧,847,螚安Vivienne
/playlist?id=2628323233,陶陨 ｜ 埙之为器，立秋之音,8,听见花开之落尘
/playlist?id=2624993818,【精选】经典怀旧┃ 闽台老歌,586,VARERED
/playlist?id=2640591577,《歌手2019》第四期,569,wytheZhang
/playlist?id=2636560825,会火歌单,452,Rap说唱乐
/playlist?id=2626624445,热歌』热评10w+的歌,410,小健音乐分享
/playlist?id=2614949573,粽子,418,粽子把枣子弄丢了
/playlist?id=2636907854,歌手2019 第4期 第四期 原唱,364,cen1999
/playlist?id=2646699562,唯独喜欢的人说的的晚安特别甜,355,迟到情书
/playlist?id=2626894692,啊啊啊啊~苏韵锦你这里欠我的用什么还,338,WildEseki
/playlist?id=2645738603,胡春杨,397,taylor1016
/playlist?id=2638238398,【电视剧】豆瓣评分最高的20部国产电视剧,225,潭渚
/playlist?id=2650180801,初识不知曲中意，再听已是曲中人,191,新起点音乐库
/playlist?id=2640638777,有一种心酸，叫“我以为”,172,DJ顾念晨
/playlist?id=2642759336,《狮子王强大》电视剧原声带,157,歲月不懂的忧伤
/playlist?id=2619117931,2005年华语单曲榜TOP50,152,奈绪子co
/playlist?id=2642375640,只想腻死在rapper的温柔里,116,AkashiAshes
/playlist?id=2637221221,SulaymanSultan,114,Sirlih_tuman
/playlist?id=2640515901,3nshine 4ever,107,vok4
/playlist?id=2645050302,90后《致我们终将逝去的青春》,100,壹觉睡到小时候灬
/playlist?id=2653897848,春晚歌曲抢先听到,204,徐伟斌-my
/playlist?id=2650311585,simon.like.song,80,lgxn
/playlist?id=2645818323,我的风格,62,轻声诵读
/playlist?id=2639759186,WFY&CYW,64,祝文安
/playlist?id=2655163825,哔哩哔哩2019拜年祭（收集中●口袋竞技场2）,229,毒贝比
/playlist?id=2646400272,G$W大碟(持续更新),49,兔子不吃辣-
/playlist?id=2647399272,月 出.,49,往-复-
/playlist?id=2650436920,2019情歌王林彦俊刘宇宁张新成金瀚,49,我想我喜欢这首歌
/playlist?id=2646156251,镜子里的怪物，穿着和我一样的衣服,46,RoiMarch
/playlist?id=2646028010,只想对你好,44,稚桦--梦槿
/playlist?id=2647829296,耳朵怀孕【慎入……会上头】（华语篇）,44,优秀的轩少
/playlist?id=2651925900,网易官网推荐｜_中文系列,46,Armin_Hao
/playlist?id=2646980643,华晨宇,38,阿零已被占用
/playlist?id=2648430661,那些好听到单曲循环的歌.,38,长夜星辰漫漫
/playlist?id=2652481490,宗介作品收录,44,爱唱歌的宗介
/playlist?id=2651818349,车载中文咚鼓,46,我家思思超可奈
/playlist?id=2651651930,惊艳时光的戏腔,35,纵使潸然无泪下
/playlist?id=2650261762,G.E.M.邓紫棋同款歌单 2019 Moving on！,35,GEM_Gloryer
/playlist?id=2651345031,【古风】南朝四百八十寺，多少楼台烟雨中,38,箐鹿衔草
/playlist?id=2652594473,轻柔一点，不要太刺激啦,40,道家败类
/playlist?id=2649701672,【前奏控】前奏吸引，一秒引爆,37,默余817
/playlist?id=2645486322,乾淨和菸酒嗓,35,格瑞特啊
/playlist?id=2646542623,China Music,35,imsodepressed
/playlist?id=2635649297,古风虐心故事,35,-月阮-
/playlist?id=2645810924,2019年新年歌曲 新年快乐,37,真想回到童年时代
/playlist?id=2649813087,现实,31,爱画画的生画
/playlist?id=2650769692,回家，世间最美的旅行,29,谷歌之露
/playlist?id=2620346590,2018.12.26-许巍-无尽光芒,29,故乡顶礼
/playlist?id=2652663336,你并非一无是处,31,逐风坠梦
/playlist?id=2644869030,第一眼就心动的人是不会甘心做朋友的,31,腿毛仙子520
/playlist?id=2651909505,XJ DISS & DISS BACK（持续更新）,28,阔少艾力
/playlist?id=2650883997,一厢情愿 .,28,我過的佷好
/playlist?id=2644595332,甜味,29,我今天特别乖l
/playlist?id=2651371347,VOCALOID中文曲2018年刊,26,蒙蔽小羊驼
/playlist?id=2628089514,你最爱的那些歌,24,AfterShokz韶音
/playlist?id=2648572894,『kiss×4』恋爱吧！偶像,26,宫氺叁叶
/playlist?id=2650686289,2018热门歌单,26,Takisul
/playlist?id=2650621652,林黛玉,28,兰花豆没有豆
/playlist?id=2651140687,斯莱特林|Slytherin·Always,24,马天龙的夫人
/playlist?id=2652567058,一夜好梦,24,你柠元气少女
/playlist?id=2648715399,2019新年囍,22,Musical-r
/playlist?id=2651666472,第五届金曲大赏B50,22,RyoooOri
/playlist?id=2641070014,花粥粥大爷,22,鹤在远方
/playlist?id=2647492197,格萨尔王,20,落都三千
/playlist?id=2652331505,《月下美人兮》,28,昨日白安
/playlist?id=2653896288,2018暴走串烧！,20,Miracle_Sccc
/playlist?id=2649130829,和家人一起在车上听的歌,26,灿白夫夫是CP
/playlist?id=2652327965,与你无关的快乐 要怎么快乐？,20,我相信这个世界永远这么渼
/playlist?id=2646024664,【2018】2018年度最火的51首歌,19,柠七福利社-
/playlist?id=2651222205,最佳失恋精选,22,柳琦柳琦
/playlist?id=2652257879,2019年賀年歌曲,31,Mr_L_嘉豪
/playlist?id=2648311518,Chigga黄鬼,17,YZYSAINT
/playlist?id=2654122217,心情自传✨,17,只想跟你睡觉而已
/playlist?id=2628273366,电子琴 ｜ 电子合成器，形似钢琴,17,听见花开之落尘
/playlist?id=2648801369,每到冬天就单曲循环的歌,15,哇吼special
/playlist?id=2649500514,【精选】一曲红绡不知数,15,余墨残香独释安
/playlist?id=2652291323,【年度系列】2018洗脑循环榜【大事件】,15,EGS_DIEFish
/playlist?id=2652822860,希望能有一个人 如日月星辰伴你,17,新起点音乐库
/playlist?id=2651873351,【年榜】VOCALOID中文曲 2018,17,筱燦__
/playlist?id=2652184440,【同人原创】网易·绘真·妙笔千山,15,花时町
/playlist?id=2652103290,给你,19,小屁孩儿__-
/playlist?id=2646944168,【古风】青丝于耳,15,_浅鸢
/playlist?id=2652832823,人生百态最后都统一为孤独,17,李呀zz
/playlist?id=2652868942,忘川风华录+古风（星尘）,13,咖喱_小莉
/playlist?id=2654205913,中国风『⛔』‖红衣女刀客,19,迷糊的特困生
/playlist?id=2653278186,过年了,15,竹高鸣翡翠
/playlist?id=2652070928,“烟花和你 都值得被记住”,13,Apirlemon
/playlist?id=2649458880,［中文Rap］让你与世隔绝,13,说唱酵母Kana菜
/playlist?id=2652148463,月辰季,15,难寻171212
/playlist?id=2652442378,我觉得可以,13,阿渊不愤怒
/playlist?id=2652753226,在火车上给你选了26首歌,13,2Ozil
/playlist?id=2647754803,这可能就是爱吧,13,九段木头
/playlist?id=2646017394,陈奕迅,13,YoukaYe
/playlist?id=2650783364,2018劲歌金曲名单,13,夏水无迹
/playlist?id=2646490397,林俊杰,11,大神shen
/playlist?id=2648178545,丿忆丶梦,11,丿忆丶梦
/playlist?id=2654826388,老师专用歌单*,11,BustinG_HEATJ
/playlist?id=2648096608,好听到可以单曲循环的歌（主韩语）个人向,11,reed7蓝猫
/playlist?id=2650423308,阿意喜欢的中文歌,13,永远喜欢栗山未来
/playlist?id=2646162989,台剧-你有念大学吗？原声歌单,11,YuenYingKing
/playlist?id=2651622547,宝藏女孩和宝藏男孩大合集:-),10,Jackkkkk_
/playlist?id=2650894891,古风男声向·怪我入书太深,10,Imay慕云
/playlist?id=2654623526,♡,10,正经云友
/playlist?id=2651306604,忘川风华录,8,喃巷北栀
/playlist?id=2652433944,我曾经听见一个春天,8,仲元yu
/playlist?id=2653115299,不 如 别 相 逢 不 如 别 相 遇,6,胸膛起风
/playlist?id=2635101840,10w+｜ 良曲岂会无人问，热歌自有万人评,6,听见花开之落尘
/playlist?id=2635238481,古风 ｜ 佳作同赏，良曲热评9999+,6,听见花开之落尘
/playlist?id=2653122615,戏腔,6,嘻嘻哈哈是笑话
/playlist?id=2645989715,音乐就是力量,4,龙崽很忙_
/playlist?id=2653203720,那个时候的我们是碰下指尖都会悸动的年纪,8,廾_Zhang
/playlist?id=2652169031,『萌系๑• . •๑』是萝莉控真是太好了,2,面朝大海会春暖花开的吧
/playlist?id=2652303670,【死亡歌单】全民K歌 抢麦 ‖古风圈‖持更.,2,Lv0_Sx
/playlist?id=2015408138,爱情不卑微不施舍，别以为你是谁,1118万,账号已注销无法显示
